"accession","pref_name","standar_type","chembl_id_ligand","standard_inchi","standard_inchi_key","canonical_smiles (Canonical)","Activity_type"
"P01116","GTPase KRas","IC50","CHEMBL4594350","InChI=1S/C32H35ClFN7O2/c1-21(34)31(42)41-17-16-40(18-23(41)11-13-35)30-25-12-15-39(28-10-4-7-22-6-3-9-26(33)29(22)28)19-27(25)36-32(37-30)43-20-24-8-5-14-38(24)2/h3-4,6-7,9-10,23-24H,1,5,8,11-12,14-20H2,2H3/t23-,24-/m0/s1","PEMUGDMSUDYLHU-ZEQRLZLVSA-N","C=C(F)C(=O)N1CCN(c2nc(OC[C@@H]3CCCN3C)nc3c2CCN(c2cccc4cccc(Cl)c24)C3)C[C@@H]1CC#N","Active"
"P01116","GTPase KRas","IC50","CHEMBL4541628","InChI=1S/C29H31BrN4O4/c1-5-26(36)33-14-21(15-33)31-25(35)16-34-18(3)27(23-12-20(30)11-17(2)28(23)34)29(37)32-10-9-22-19(13-32)7-6-8-24(22)38-4/h5-8,11-12,21H,1,9-10,13-16H2,2-4H3,(H,31,35)","IRLFRQQJNBBTMK-UHFFFAOYSA-N","C=CC(=O)N1CC(NC(=O)Cn2c(C)c(C(=O)N3CCc4c(cccc4OC)C3)c3cc(Br)cc(C)c32)C1","Active"
"P01116","GTPase KRas","IC50","CHEMBL4520093","InChI=1S/C28H29BrN4O4/c1-4-26(35)32-14-20(15-32)30-25(34)16-33-17(2)27(22-12-19(29)8-9-23(22)33)28(36)31-11-10-21-18(13-31)6-5-7-24(21)37-3/h4-9,12,20H,1,10-11,13-16H2,2-3H3,(H,30,34)","RYHAEQRORAWGQZ-UHFFFAOYSA-N","C=CC(=O)N1CC(NC(=O)Cn2c(C)c(C(=O)N3CCc4c(cccc4OC)C3)c3cc(Br)ccc32)C1","Active"
"P01116","GTPase KRas","IC50","CHEMBL4591653","InChI=1S/C29H31ClN4O4/c1-5-26(36)33-14-21(15-33)31-25(35)16-34-18(3)27(23-12-20(30)11-17(2)28(23)34)29(37)32-10-9-22-19(13-32)7-6-8-24(22)38-4/h5-8,11-12,21H,1,9-10,13-16H2,2-4H3,(H,31,35)","HKSGVEJHRVXLRV-UHFFFAOYSA-N","C=CC(=O)N1CC(NC(=O)Cn2c(C)c(C(=O)N3CCc4c(cccc4OC)C3)c3cc(Cl)cc(C)c32)C1","Active"
"P01116","GTPase KRas","IC50","CHEMBL4573277","InChI=1S/C28H29ClN4O4/c1-4-26(35)32-14-20(15-32)30-25(34)16-33-17(2)27(22-12-19(29)8-9-23(22)33)28(36)31-11-10-21-18(13-31)6-5-7-24(21)37-3/h4-9,12,20H,1,10-11,13-16H2,2-3H3,(H,30,34)","QGKUIZBLZNWAAC-UHFFFAOYSA-N","C=CC(=O)N1CC(NC(=O)Cn2c(C)c(C(=O)N3CCc4c(cccc4OC)C3)c3cc(Cl)ccc32)C1","Active"
"P01116","GTPase KRas","IC50","CHEMBL4579956","InChI=1S/C30H31BrN4O4/c1-3-27(37)34-15-21(16-34)32-26(36)17-35-24-10-9-20(31)13-23(24)28(29(35)18-7-8-18)30(38)33-12-11-22-19(14-33)5-4-6-25(22)39-2/h3-6,9-10,13,18,21H,1,7-8,11-12,14-17H2,2H3,(H,32,36)","UVXRQALKQIHAOZ-UHFFFAOYSA-N","C=CC(=O)N1CC(NC(=O)Cn2c(C3CC3)c(C(=O)N3CCc4c(cccc4OC)C3)c3cc(Br)ccc32)C1","Active"
"P01116","GTPase KRas","IC50","CHEMBL4464335","InChI=1S/C31H33ClN4O4/c1-4-27(38)35-15-22(16-35)33-26(37)17-36-29-18(2)12-21(32)13-24(29)28(30(36)19-8-9-19)31(39)34-11-10-23-20(14-34)6-5-7-25(23)40-3/h4-7,12-13,19,22H,1,8-11,14-17H2,2-3H3,(H,33,37)","JESBUJUEMLEHDQ-UHFFFAOYSA-N","C=CC(=O)N1CC(NC(=O)Cn2c(C3CC3)c(C(=O)N3CCc4c(cccc4OC)C3)c3cc(Cl)cc(C)c32)C1","Active"
"P01116","GTPase KRas","IC50","CHEMBL4457550","InChI=1S/C28H29BrN4O4/c1-4-26(35)32-13-20(14-32)30-25(34)16-33-15-23(22-11-19(29)10-17(2)27(22)33)28(36)31-9-8-21-18(12-31)6-5-7-24(21)37-3/h4-7,10-11,15,20H,1,8-9,12-14,16H2,2-3H3,(H,30,34)","SEEBZUBVWMZXCU-UHFFFAOYSA-N","C=CC(=O)N1CC(NC(=O)Cn2cc(C(=O)N3CCc4c(cccc4OC)C3)c3cc(Br)cc(C)c32)C1","Active"
"P01116","GTPase KRas","IC50","CHEMBL4444447","InChI=1S/C27H27BrN4O4/c1-3-26(34)32-13-19(14-32)29-25(33)16-31-15-22(21-11-18(28)7-8-23(21)31)27(35)30-10-9-20-17(12-30)5-4-6-24(20)36-2/h3-8,11,15,19H,1,9-10,12-14,16H2,2H3,(H,29,33)","GCBJLVPRJSOOME-UHFFFAOYSA-N","C=CC(=O)N1CC(NC(=O)Cn2cc(C(=O)N3CCc4c(cccc4OC)C3)c3cc(Br)ccc32)C1","Active"
"P01116","GTPase KRas","EC50","CHEMBL4293433","InChI=1S/C15H17ClIN3O3/c1-2-14(22)19-3-5-20(6-4-19)15(23)9-18-12-8-11(17)10(16)7-13(12)21/h2,7-8,18,21H,1,3-6,9H2","JFIFBWVNHLXJFY-UHFFFAOYSA-N","C=CC(=O)N1CCN(C(=O)CNc2cc(I)c(Cl)cc2O)CC1","Active"
"P01116","GTPase KRas","IC50","CHEMBL4578214","InChI=1S/C30H30ClFN6O3/c1-6-24(40)36-12-13-37(17(4)15-36)28-20-14-21(31)26(25-22(32)8-7-9-23(25)39)34-29(20)38(30(41)35-28)27-18(5)33-11-10-19(27)16(2)3/h6-11,14,16-17,39H,1,12-13,15H2,2-5H3/t17-/m0/s1","PBJSCGYZQIVUJE-KRWDZBQOSA-N","C=CC(=O)N1CCN(c2nc(=O)n(-c3c(C(C)C)ccnc3C)c3nc(-c4c(O)cccc4F)c(Cl)cc23)[C@@H](C)C1","Active"
"P01116","GTPase KRas","IC50","CHEMBL4458041","InChI=1S/C30H30F2N6O3/c1-6-24(40)36-12-13-37(17(4)15-36)28-20-14-22(32)26(25-21(31)8-7-9-23(25)39)34-29(20)38(30(41)35-28)27-18(5)33-11-10-19(27)16(2)3/h6-11,14,16-17,39H,1,12-13,15H2,2-5H3/t17-/m0/s1","HKLAHDPYEAJDJT-KRWDZBQOSA-N","C=CC(=O)N1CCN(c2nc(=O)n(-c3c(C(C)C)ccnc3C)c3nc(-c4c(O)cccc4F)c(F)cc23)[C@@H](C)C1","Active"
"P01116","GTPase KRas","IC50","CHEMBL4434842","InChI=1S/C31H33ClFN7O3/c1-7-23(42)38-11-12-39(18(6)14-38)29-19-13-20(32)27(24-21(33)9-8-10-22(24)41)36-30(19)40(31(43)37-29)28-25(16(2)3)34-15-35-26(28)17(4)5/h7-10,13,15-18,41H,1,11-12,14H2,2-6H3/t18-/m0/s1","STGPPKLLJVZNAN-SFHVURJKSA-N","C=CC(=O)N1CCN(c2nc(=O)n(-c3c(C(C)C)ncnc3C(C)C)c3nc(-c4c(O)cccc4F)c(Cl)cc23)[C@@H](C)C1","Active"
"P01116","GTPase KRas","IC50","CHEMBL4452137","InChI=1S/C31H31ClFN5O3/c1-6-25(40)36-13-14-37(19(5)16-36)29-21-15-22(32)27(26-23(33)11-8-12-24(26)39)34-30(21)38(31(41)35-29)28-18(4)9-7-10-20(28)17(2)3/h6-12,15,17,19,39H,1,13-14,16H2,2-5H3/t19-/m0/s1","VFIRBTJENUGSDT-IBGZPJMESA-N","C=CC(=O)N1CCN(c2nc(=O)n(-c3c(C)cccc3C(C)C)c3nc(-c4c(O)cccc4F)c(Cl)cc23)[C@@H](C)C1","Active"
"P01116","GTPase KRas","IC50","CHEMBL4452622","InChI=1S/C31H31F2N5O3/c1-6-25(40)36-13-14-37(19(5)16-36)29-21-15-23(33)27(26-22(32)11-8-12-24(26)39)34-30(21)38(31(41)35-29)28-18(4)9-7-10-20(28)17(2)3/h6-12,15,17,19,39H,1,13-14,16H2,2-5H3/t19-/m0/s1","KWVIBUPMTFWCEX-IBGZPJMESA-N","C=CC(=O)N1CCN(c2nc(=O)n(-c3c(C)cccc3C(C)C)c3nc(-c4c(O)cccc4F)c(F)cc23)[C@@H](C)C1","Active"
"P01116","GTPase KRas","IC50","CHEMBL4458945","InChI=1S/C29H27ClFN5O3/c1-5-23(38)34-12-13-35(18(4)15-34)27-19-14-20(30)25(24-21(31)10-7-11-22(24)37)32-28(19)36(29(39)33-27)26-16(2)8-6-9-17(26)3/h5-11,14,18,37H,1,12-13,15H2,2-4H3/t18-/m0/s1","HHUULFVCGJTIAZ-SFHVURJKSA-N","C=CC(=O)N1CCN(c2nc(=O)n(-c3c(C)cccc3C)c3nc(-c4c(O)cccc4F)c(Cl)cc23)[C@@H](C)C1","Active"
"P01116","GTPase KRas","IC50","CHEMBL4464232","InChI=1S/C30H29ClFN5O3/c1-5-19-10-7-9-17(3)27(19)37-29-20(15-21(31)26(33-29)25-22(32)11-8-12-23(25)38)28(34-30(37)40)36-14-13-35(16-18(36)4)24(39)6-2/h6-12,15,18,38H,2,5,13-14,16H2,1,3-4H3/t18-/m0/s1","ZFUNMZVZUXHIRA-SFHVURJKSA-N","C=CC(=O)N1CCN(c2nc(=O)n(-c3c(C)cccc3CC)c3nc(-c4c(O)cccc4F)c(Cl)cc23)[C@@H](C)C1","Active"
"P01116","GTPase KRas","IC50","CHEMBL4539214","InChI=1S/C30H30ClFN6O3/c1-6-23(40)36-12-13-37(18(5)15-36)28-19-14-20(31)26(24-21(32)8-7-9-22(24)39)34-29(19)38(30(41)35-28)27-17(4)10-11-33-25(27)16(2)3/h6-11,14,16,18,39H,1,12-13,15H2,2-5H3/t18-/m0/s1","JVXJUDUIXXOJMK-SFHVURJKSA-N","C=CC(=O)N1CCN(c2nc(=O)n(-c3c(C)ccnc3C(C)C)c3nc(-c4c(O)cccc4F)c(Cl)cc23)[C@@H](C)C1","Active"
"P01116","GTPase KRas","IC50","CHEMBL4535757","InChI=1S/C30H30F2N6O3/c1-6-23(40)36-12-13-37(18(5)15-36)28-19-14-21(32)26(24-20(31)8-7-9-22(24)39)34-29(19)38(30(41)35-28)27-17(4)10-11-33-25(27)16(2)3/h6-11,14,16,18,39H,1,12-13,15H2,2-5H3/t18-/m0/s1","NXQKSXLFSAEQCZ-SFHVURJKSA-N","C=CC(=O)N1CCN(c2nc(=O)n(-c3c(C)ccnc3C(C)C)c3nc(-c4c(O)cccc4F)c(F)cc23)[C@@H](C)C1","Active"
"P01116","GTPase KRas","IC50","CHEMBL4516179","InChI=1S/C28H29ClFN7O3/c1-6-22(39)34-10-11-35(17(5)14-34)25-18-12-19(29)24(23-20(30)8-7-9-21(23)38)32-26(18)36(28(40)33-25)27-16(4)13-31-37(27)15(2)3/h6-9,12-13,15,17,38H,1,10-11,14H2,2-5H3/t17-/m0/s1","ZUASDZKNIZCHOJ-KRWDZBQOSA-N","C=CC(=O)N1CCN(c2nc(=O)n(-c3c(C)cnn3C(C)C)c3nc(-c4c(O)cccc4F)c(Cl)cc23)[C@@H](C)C1","Active"
"P01116","GTPase KRas","IC50","CHEMBL4527861","InChI=1S/C29H29ClFN7O3/c1-6-22(40)36-10-11-37(16(4)13-36)27-18-12-19(30)25(23-20(31)8-7-9-21(23)39)34-28(18)38(29(41)35-27)26-17(5)32-14-33-24(26)15(2)3/h6-9,12,14-16,39H,1,10-11,13H2,2-5H3/t16-/m0/s1","AGJYBGQPBQHDNP-INIZCTEOSA-N","C=CC(=O)N1CCN(c2nc(=O)n(-c3c(C)ncnc3C(C)C)c3nc(-c4c(O)cccc4F)c(Cl)cc23)[C@@H](C)C1","Active"
"P01116","GTPase KRas","IC50","CHEMBL4441771","InChI=1S/C29H29F2N7O3/c1-6-22(40)36-10-11-37(16(4)13-36)27-18-12-20(31)25(23-19(30)8-7-9-21(23)39)34-28(18)38(29(41)35-27)26-17(5)32-14-33-24(26)15(2)3/h6-9,12,14-16,39H,1,10-11,13H2,2-5H3/t16-/m0/s1","HWJZXFZGWXECEZ-INIZCTEOSA-N","C=CC(=O)N1CCN(c2nc(=O)n(-c3c(C)ncnc3C(C)C)c3nc(-c4c(O)cccc4F)c(F)cc23)[C@@H](C)C1","Active"
"P01116","GTPase KRas","IC50","CHEMBL4588277","InChI=1S/C31H29ClFN7O3/c1-3-23(42)38-11-12-39(16(2)14-38)29-19-13-20(32)27(24-21(33)5-4-6-22(24)41)36-30(19)40(31(43)37-29)28-25(17-7-8-17)34-15-35-26(28)18-9-10-18/h3-6,13,15-18,41H,1,7-12,14H2,2H3/t16-/m0/s1","ZSWUOKQZXOXZJL-INIZCTEOSA-N","C=CC(=O)N1CCN(c2nc(=O)n(-c3c(C4CC4)ncnc3C3CC3)c3nc(-c4c(O)cccc4F)c(Cl)cc23)[C@@H](C)C1","Active"
"P01116","GTPase KRas","IC50","CHEMBL4554946","InChI=1S/C31H31ClFN5O3/c1-5-19-10-8-11-20(6-2)28(19)38-30-21(16-22(32)27(34-30)26-23(33)12-9-13-24(26)39)29(35-31(38)41)37-15-14-36(17-18(37)4)25(40)7-3/h7-13,16,18,39H,3,5-6,14-15,17H2,1-2,4H3/t18-/m0/s1","WZMJTXKQKSEIAN-SFHVURJKSA-N","C=CC(=O)N1CCN(c2nc(=O)n(-c3c(CC)cccc3CC)c3nc(-c4c(O)cccc4F)c(Cl)cc23)[C@@H](C)C1","Active"
"P01116","GTPase KRas","IC50","CHEMBL4467413","InChI=1S/C31H31ClFN5O3/c1-6-25(40)36-14-15-37(18(2)17-36)28-19-16-21(32)27(26-22(33)11-9-13-24(26)39)34-29(19)38(30(41)35-28)23-12-8-7-10-20(23)31(3,4)5/h6-13,16,18,39H,1,14-15,17H2,2-5H3/t18-/m0/s1","ALVBOCLDVKPTKF-SFHVURJKSA-N","C=CC(=O)N1CCN(c2nc(=O)n(-c3ccccc3C(C)(C)C)c3nc(-c4c(O)cccc4F)c(Cl)cc23)[C@@H](C)C1","Active"
"P01116","GTPase KRas","IC50","CHEMBL4456801","InChI=1S/C32H31ClN6O2/c1-5-29(40)37-12-14-38(15-13-37)31-23-16-25(33)22(30-20(4)10-11-26-24(30)18-34-36-26)17-28(23)39(32(41)35-31)27-9-7-6-8-21(27)19(2)3/h5-11,16-19H,1,12-15H2,2-4H3,(H,34,36)","DHFYUSPJOYBCIF-UHFFFAOYSA-N","C=CC(=O)N1CCN(c2nc(=O)n(-c3ccccc3C(C)C)c3cc(-c4c(C)ccc5[nH]ncc45)c(Cl)cc23)CC1","Active"
"P01116","GTPase KRas","IC50","CHEMBL4517656","InChI=1S/C30H28ClFN4O3/c1-4-27(38)34-12-14-35(15-13-34)29-21-16-22(31)20(28-23(32)9-7-11-26(28)37)17-25(21)36(30(39)33-29)24-10-6-5-8-19(24)18(2)3/h4-11,16-18,37H,1,12-15H2,2-3H3","AFCLJUXYULJJII-UHFFFAOYSA-N","C=CC(=O)N1CCN(c2nc(=O)n(-c3ccccc3C(C)C)c3cc(-c4c(O)cccc4F)c(Cl)cc23)CC1","Active"
"P01116","GTPase KRas","IC50","CHEMBL4449810","InChI=1S/C31H30ClFN4O3/c1-5-28(39)35-13-14-36(19(4)17-35)30-22-15-23(32)21(29-24(33)10-8-12-27(29)38)16-26(22)37(31(40)34-30)25-11-7-6-9-20(25)18(2)3/h5-12,15-16,18-19,38H,1,13-14,17H2,2-4H3/t19-/m0/s1","AFJHNABTEPVPON-IBGZPJMESA-N","C=CC(=O)N1CCN(c2nc(=O)n(-c3ccccc3C(C)C)c3cc(-c4c(O)cccc4F)c(Cl)cc23)[C@@H](C)C1","Active"
"P01116","GTPase KRas","IC50","CHEMBL4438343","InChI=1S/C32H30ClF3N4O2/c1-5-29(41)38-14-15-39(20(4)18-38)30-24-16-26(33)23(22-11-6-8-12-25(22)32(34,35)36)17-28(24)40(31(42)37-30)27-13-9-7-10-21(27)19(2)3/h5-13,16-17,19-20H,1,14-15,18H2,2-4H3/t20-/m0/s1","GLSKJYSPWDKJCD-FQEVSTJZSA-N","C=CC(=O)N1CCN(c2nc(=O)n(-c3ccccc3C(C)C)c3cc(-c4ccccc4C(F)(F)F)c(Cl)cc23)[C@@H](C)C1","Active"
"P01116","GTPase KRas","IC50","CHEMBL4454645","InChI=1S/C31H30Cl2N4O2/c1-5-29(38)35-14-15-36(20(4)18-35)30-24-16-26(33)23(22-11-6-8-12-25(22)32)17-28(24)37(31(39)34-30)27-13-9-7-10-21(27)19(2)3/h5-13,16-17,19-20H,1,14-15,18H2,2-4H3/t20-/m0/s1","BKOKCLRZABZCFB-FQEVSTJZSA-N","C=CC(=O)N1CCN(c2nc(=O)n(-c3ccccc3C(C)C)c3cc(-c4ccccc4Cl)c(Cl)cc23)[C@@H](C)C1","Active"
"P01116","GTPase KRas","IC50","CHEMBL4469638","InChI=1S/C30H28ClFN4O2/c1-4-28(37)34-13-15-35(16-14-34)29-23-17-24(31)22(21-10-5-7-11-25(21)32)18-27(23)36(30(38)33-29)26-12-8-6-9-20(26)19(2)3/h4-12,17-19H,1,13-16H2,2-3H3","IUQGVNCAOAGPPE-UHFFFAOYSA-N","C=CC(=O)N1CCN(c2nc(=O)n(-c3ccccc3C(C)C)c3cc(-c4ccccc4F)c(Cl)cc23)CC1","Active"
"P01116","GTPase KRas","IC50","CHEMBL4465551","InChI=1S/C31H30ClFN4O2/c1-5-29(38)35-14-15-36(20(4)18-35)30-24-16-25(32)23(22-11-6-8-12-26(22)33)17-28(24)37(31(39)34-30)27-13-9-7-10-21(27)19(2)3/h5-13,16-17,19-20H,1,14-15,18H2,2-4H3/t20-/m0/s1","DUKBJULZBXSMEH-FQEVSTJZSA-N","C=CC(=O)N1CCN(c2nc(=O)n(-c3ccccc3C(C)C)c3cc(-c4ccccc4F)c(Cl)cc23)[C@@H](C)C1","Active"
"P01116","GTPase KRas","IC50","CHEMBL4439782","InChI=1S/C29H27ClFN5O3/c1-4-24(38)34-12-14-35(15-13-34)27-19-16-20(30)26(25-21(31)9-7-11-23(25)37)32-28(19)36(29(39)33-27)22-10-6-5-8-18(22)17(2)3/h4-11,16-17,37H,1,12-15H2,2-3H3","UMMHCXMLOADCEX-UHFFFAOYSA-N","C=CC(=O)N1CCN(c2nc(=O)n(-c3ccccc3C(C)C)c3nc(-c4c(O)cccc4F)c(Cl)cc23)CC1","Active"
"P01116","GTPase KRas","IC50","CHEMBL4450657","InChI=1S/C30H29ClFN5O3/c1-5-25(39)35-13-14-36(18(4)16-35)28-20-15-21(31)27(26-22(32)10-8-12-24(26)38)33-29(20)37(30(40)34-28)23-11-7-6-9-19(23)17(2)3/h5-12,15,17-18,38H,1,13-14,16H2,2-4H3/t18-/m0/s1","PLWUHRVBTOATQZ-SFHVURJKSA-N","C=CC(=O)N1CCN(c2nc(=O)n(-c3ccccc3C(C)C)c3nc(-c4c(O)cccc4F)c(Cl)cc23)[C@@H](C)C1","Active"
"P01116","GTPase KRas","IC50","CHEMBL4591772","InChI=1S/C30H29Cl2N5O2/c1-5-26(38)35-14-15-36(19(4)17-35)28-22-16-24(32)27(21-11-6-8-12-23(21)31)33-29(22)37(30(39)34-28)25-13-9-7-10-20(25)18(2)3/h5-13,16,18-19H,1,14-15,17H2,2-4H3/t19-/m0/s1","RTZGBVXGOVBKAY-IBGZPJMESA-N","C=CC(=O)N1CCN(c2nc(=O)n(-c3ccccc3C(C)C)c3nc(-c4ccccc4Cl)c(Cl)cc23)[C@@H](C)C1","Active"
"P01116","GTPase KRas","IC50","CHEMBL4450519","InChI=1S/C30H29ClFN5O2/c1-5-26(38)35-14-15-36(19(4)17-35)28-22-16-23(31)27(21-11-6-8-12-24(21)32)33-29(22)37(30(39)34-28)25-13-9-7-10-20(25)18(2)3/h5-13,16,18-19H,1,14-15,17H2,2-4H3/t19-/m0/s1","ZSIUEQHQNZMBNN-IBGZPJMESA-N","C=CC(=O)N1CCN(c2nc(=O)n(-c3ccccc3C(C)C)c3nc(-c4ccccc4F)c(Cl)cc23)[C@@H](C)C1","Active"
"P01116","GTPase KRas","IC50","CHEMBL4450041","InChI=1S/C30H30ClN5O3/c1-5-26(38)34-14-15-35(19(4)17-34)28-22-16-23(31)27(21-11-7-9-13-25(21)37)32-29(22)36(30(39)33-28)24-12-8-6-10-20(24)18(2)3/h5-13,16,18-19,37H,1,14-15,17H2,2-4H3/t19-/m0/s1","XWXUXFLOIZSKJZ-IBGZPJMESA-N","C=CC(=O)N1CCN(c2nc(=O)n(-c3ccccc3C(C)C)c3nc(-c4ccccc4O)c(Cl)cc23)[C@@H](C)C1","Active"
"P01116","GTPase KRas","IC50","CHEMBL4549665","InChI=1S/C30H27ClFN5O3/c1-3-25(39)35-13-14-36(17(2)16-35)28-20-15-21(31)27(26-22(32)8-6-10-24(26)38)33-29(20)37(30(40)34-28)23-9-5-4-7-19(23)18-11-12-18/h3-10,15,17-18,38H,1,11-14,16H2,2H3/t17-/m0/s1","FRSNLUYKWNTJHX-KRWDZBQOSA-N","C=CC(=O)N1CCN(c2nc(=O)n(-c3ccccc3C3CC3)c3nc(-c4c(O)cccc4F)c(Cl)cc23)[C@@H](C)C1","Active"
"P01116","GTPase KRas","IC50","CHEMBL4528930","InChI=1S/C27H27ClFN7O3/c1-5-22(38)33-11-12-34(16(4)14-33)25-17-13-18(28)24(23-19(29)7-6-8-20(23)37)31-26(17)35(27(39)32-25)21-9-10-30-36(21)15(2)3/h5-10,13,15-16,37H,1,11-12,14H2,2-4H3/t16-/m0/s1","GVASGOHHBORFOW-INIZCTEOSA-N","C=CC(=O)N1CCN(c2nc(=O)n(-c3ccnn3C(C)C)c3nc(-c4c(O)cccc4F)c(Cl)cc23)[C@@H](C)C1","Active"
"P01116","GTPase KRas","IC50","CHEMBL4467518","InChI=1S/C29H28ClFN6O3/c1-5-23(39)35-12-13-36(17(4)15-35)27-19-14-20(30)25(24-21(31)9-6-10-22(24)38)33-28(19)37(29(40)34-27)26-18(16(2)3)8-7-11-32-26/h5-11,14,16-17,38H,1,12-13,15H2,2-4H3/t17-/m0/s1","VBABZAIFYVBJHE-KRWDZBQOSA-N","C=CC(=O)N1CCN(c2nc(=O)n(-c3ncccc3C(C)C)c3nc(-c4c(O)cccc4F)c(Cl)cc23)[C@@H](C)C1","Active"
"P01116","GTPase KRas","IC50","CHEMBL4573279","InChI=1S/C27H26ClFN6O3S/c1-5-20(37)33-9-10-34(15(4)12-33)24-16-11-17(28)23(21-18(29)7-6-8-19(21)36)31-25(16)35(27(38)32-24)26-22(14(2)3)30-13-39-26/h5-8,11,13-15,36H,1,9-10,12H2,2-4H3/t15-/m0/s1","ADPWFVQRWIRGML-HNNXBMFYSA-N","C=CC(=O)N1CCN(c2nc(=O)n(-c3scnc3C(C)C)c3nc(-c4c(O)cccc4F)c(Cl)cc23)[C@@H](C)C1","Active"
"P01116","GTPase KRas","IC50","CHEMBL4457820","InChI=1S/C29H37ClN8O/c1-6-25(39)36-7-9-37(10-8-36)28-21-11-17(2)20(26-22-14-31-34-24(22)12-18(3)27(26)30)13-23(21)32-29(33-28)38-15-19(16-38)35(4)5/h6,12,14,17,19-20H,1,7-11,13,15-16H2,2-5H3,(H,31,34)/t17-,20-/m1/s1","NLKRDCXWPILSCH-YLJYHZDGSA-N","C=CC(=O)N1CCN(c2nc(N3CC(N(C)C)C3)nc3c2C[C@@H](C)[C@H](c2c(Cl)c(C)cc4[nH]ncc24)C3)CC1","Active"
"P01116","GTPase KRas","IC50","CHEMBL4467039","InChI=1S/C28H35ClN8O/c1-5-25(38)35-8-10-36(11-9-35)27-20-12-17(2)19(26-21-14-30-33-23(21)7-6-22(26)29)13-24(20)31-28(32-27)37-15-18(16-37)34(3)4/h5-7,14,17-19H,1,8-13,15-16H2,2-4H3,(H,30,33)/t17-,19-/m1/s1","RMBLQIHNCWWEMI-IEBWSBKVSA-N","C=CC(=O)N1CCN(c2nc(N3CC(N(C)C)C3)nc3c2C[C@@H](C)[C@H](c2c(Cl)ccc4[nH]ncc24)C3)CC1","Active"
"P01116","GTPase KRas","IC50","CHEMBL4466335","InChI=1S/C29H39N7O2/c1-6-26(37)35-11-13-36(14-12-35)28-22-16-20(3)21(27-19(2)8-9-24-23(27)18-30-33-24)17-25(22)31-29(32-28)38-15-7-10-34(4)5/h6,8-9,18,20-21H,1,7,10-17H2,2-5H3,(H,30,33)/t20-,21-/m1/s1","SYUXRGGHYDEZOV-NHCUHLMSSA-N","C=CC(=O)N1CCN(c2nc(OCCCN(C)C)nc3c2C[C@@H](C)[C@H](c2c(C)ccc4[nH]ncc24)C3)CC1","Active"
"P01116","GTPase KRas","IC50","CHEMBL4642659","InChI=1S/C28H33F3N8O2/c1-3-24(40)37-11-13-38(14-12-37)26-19-8-10-39(25-20-15-32-35-22(20)7-6-21(25)28(29,30)31)16-23(19)33-27(34-26)41-17-18-5-4-9-36(18)2/h3,6-7,15,18H,1,4-5,8-14,16-17H2,2H3,(H,32,35)/t18-/m0/s1","NOFQLYDUNNIVTE-SFHVURJKSA-N","C=CC(=O)N1CCN(c2nc(OC[C@@H]3CCCN3C)nc3c2CCN(c2c(C(F)(F)F)ccc4[nH]ncc24)C3)CC1","Active"
"P01116","GTPase KRas","IC50","CHEMBL4645768","InChI=1S/C29H38N8O2/c1-5-26(38)35-11-13-36(14-12-35)28-22-8-10-37(27-20(3)19(2)15-24-23(27)16-30-33-24)17-25(22)31-29(32-28)39-18-21-7-6-9-34(21)4/h5,15-16,21H,1,6-14,17-18H2,2-4H3,(H,30,33)/t21-/m0/s1","BHHCXBBHBIOVSJ-NRFANRHFSA-N","C=CC(=O)N1CCN(c2nc(OC[C@@H]3CCCN3C)nc3c2CCN(c2c(C)c(C)cc4[nH]ncc24)C3)CC1","Active"
"P01116","GTPase KRas","IC50","CHEMBL4456598","InChI=1S/C30H36N6O3/c1-3-28(38)34-13-15-35(16-14-34)29-25-10-12-36(27-18-23(37)17-21-7-4-5-9-24(21)27)19-26(25)31-30(32-29)39-20-22-8-6-11-33(22)2/h3-5,7,9,17-18,22,37H,1,6,8,10-16,19-20H2,2H3/t22-/m0/s1","GQSSXKRUKAMOQS-QFIPXVFZSA-N","C=CC(=O)N1CCN(c2nc(OC[C@@H]3CCCN3C)nc3c2CCN(c2cc(O)cc4ccccc24)C3)CC1","Active"
"P01116","GTPase KRas","IC50","CHEMBL4640234","InChI=1S/C33H36N8O2/c1-3-30(42)41-18-17-40(20-25(41)12-14-34)32-27-13-16-39(29-11-5-8-23-7-4-9-24(19-35)31(23)29)21-28(27)36-33(37-32)43-22-26-10-6-15-38(26)2/h3-5,7-9,11,25-26H,1,6,10,12-13,15-18,20-22H2,2H3/t25-,26-/m0/s1","DOUGHPWXWASDCS-UIOOFZCWSA-N","C=CC(=O)N1CCN(c2nc(OC[C@@H]3CCCN3C)nc3c2CCN(c2cccc4cccc(C#N)c24)C3)C[C@@H]1CC#N","Active"
"P01116","GTPase KRas","IC50","CHEMBL4636611","InChI=1S/C33H36F3N7O2/c1-3-29(44)43-18-17-42(19-23(43)12-14-37)31-25-13-16-41(20-27(25)38-32(39-31)45-21-24-9-6-15-40(24)2)28-11-5-8-22-7-4-10-26(30(22)28)33(34,35)36/h3-5,7-8,10-11,23-24H,1,6,9,12-13,15-21H2,2H3/t23-,24-/m0/s1","FWHBOKRDXHCGNI-ZEQRLZLVSA-N","C=CC(=O)N1CCN(c2nc(OC[C@@H]3CCCN3C)nc3c2CCN(c2cccc4cccc(C(F)(F)F)c24)C3)C[C@@H]1CC#N","Active"
"P01116","GTPase KRas","IC50","CHEMBL4632935","InChI=1S/C33H39N7O2/c1-4-30(41)40-19-18-39(20-25(40)13-15-34)32-27-14-17-38(29-12-6-10-24-9-5-8-23(2)31(24)29)21-28(27)35-33(36-32)42-22-26-11-7-16-37(26)3/h4-6,8-10,12,25-26H,1,7,11,13-14,16-22H2,2-3H3/t25-,26-/m0/s1","YRYQLVCTQFBRLD-UIOOFZCWSA-N","C=CC(=O)N1CCN(c2nc(OC[C@@H]3CCCN3C)nc3c2CCN(c2cccc4cccc(C)c24)C3)C[C@@H]1CC#N","Active"
"P01116","GTPase KRas","IC50","CHEMBL4646899","InChI=1S/C34H41N7O2/c1-4-24-9-6-10-25-11-7-13-30(32(24)25)39-18-15-28-29(22-39)36-34(43-23-27-12-8-17-38(27)3)37-33(28)40-19-20-41(31(42)5-2)26(21-40)14-16-35/h5-7,9-11,13,26-27H,2,4,8,12,14-15,17-23H2,1,3H3/t26-,27-/m0/s1","QHSWWHCSXWHQQP-SVBPBHIXSA-N","C=CC(=O)N1CCN(c2nc(OC[C@@H]3CCCN3C)nc3c2CCN(c2cccc4cccc(CC)c24)C3)C[C@@H]1CC#N","Active"
"P01116","GTPase KRas","IC50","CHEMBL4648852","InChI=1S/C32H36ClN7O2/c1-3-29(41)40-18-17-39(19-23(40)12-14-34)31-25-13-16-38(28-11-5-8-22-7-4-10-26(33)30(22)28)20-27(25)35-32(36-31)42-21-24-9-6-15-37(24)2/h3-5,7-8,10-11,23-24H,1,6,9,12-13,15-21H2,2H3/t23-,24-/m0/s1","IYDWXYZUEBUWCQ-ZEQRLZLVSA-N","C=CC(=O)N1CCN(c2nc(OC[C@@H]3CCCN3C)nc3c2CCN(c2cccc4cccc(Cl)c24)C3)C[C@@H]1CC#N","Active"
"P01116","GTPase KRas","IC50","CHEMBL4648124","InChI=1S/C33H39N7O3/c1-4-30(41)40-19-18-39(20-24(40)13-15-34)32-26-14-17-38(28-11-5-8-23-9-6-12-29(42-3)31(23)28)21-27(26)35-33(36-32)43-22-25-10-7-16-37(25)2/h4-6,8-9,11-12,24-25H,1,7,10,13-14,16-22H2,2-3H3/t24-,25-/m0/s1","RUPCTBLXDABNHV-DQEYMECFSA-N","C=CC(=O)N1CCN(c2nc(OC[C@@H]3CCCN3C)nc3c2CCN(c2cccc4cccc(OC)c24)C3)C[C@@H]1CC#N","Active"
"P01116","GTPase KRas","IC50","CHEMBL4648056","InChI=1S/C32H37N7O2/c1-3-30(40)39-19-18-38(20-24(39)13-15-33)31-27-14-17-37(29-12-6-9-23-8-4-5-11-26(23)29)21-28(27)34-32(35-31)41-22-25-10-7-16-36(25)2/h3-6,8-9,11-12,24-25H,1,7,10,13-14,16-22H2,2H3/t24?,25-/m0/s1","OBKBMFMBHWUYHS-BBMPLOMVSA-N","C=CC(=O)N1CCN(c2nc(OC[C@@H]3CCCN3C)nc3c2CCN(c2cccc4ccccc24)C3)CC1CC#N","Active"
"P01116","GTPase KRas","IC50","CHEMBL4648671","InChI=1S/C32H37N7O2/c1-3-30(40)39-19-18-38(20-24(39)13-15-33)31-27-14-17-37(29-12-6-9-23-8-4-5-11-26(23)29)21-28(27)34-32(35-31)41-22-25-10-7-16-36(25)2/h3-6,8-9,11-12,24-25H,1,7,10,13-14,16-22H2,2H3/t24-,25-/m0/s1","OBKBMFMBHWUYHS-DQEYMECFSA-N","C=CC(=O)N1CCN(c2nc(OC[C@@H]3CCCN3C)nc3c2CCN(c2cccc4ccccc24)C3)C[C@@H]1CC#N","Active"
"P01116","GTPase KRas","IC50","CHEMBL4473733","InChI=1S/C30H39N7O2/c1-5-27(38)36-11-13-37(14-12-36)29-23-15-20(3)22(28-19(2)8-9-25-24(28)17-31-34-25)16-26(23)32-30(33-29)39-18-21-7-6-10-35(21)4/h5,8-9,17,20-22H,1,6-7,10-16,18H2,2-4H3,(H,31,34)/t20-,21-,22-/m1/s1","VEJDAQRIUIGDEJ-YPAWHYETSA-N","C=CC(=O)N1CCN(c2nc(OC[C@H]3CCCN3C)nc3c2C[C@@H](C)[C@H](c2c(C)ccc4[nH]ncc24)C3)CC1","Active"
"P01116","GTPase KRas","IC50","CHEMBL4465028","InChI=1S/C29H36N6O3/c1-5-27(37)33-12-14-34(15-13-33)28-24-10-11-35(26-17-22(36)16-21-8-6-7-9-23(21)26)19-25(24)30-29(31-28)38-20(2)18-32(3)4/h5-9,16-17,20,36H,1,10-15,18-19H2,2-4H3/t20-/m0/s1","AIOXZPSWYRPAGS-FQEVSTJZSA-N","C=CC(=O)N1CCN(c2nc(O[C@@H](C)CN(C)C)nc3c2CCN(c2cc(O)cc4ccccc24)C3)CC1","Active"
"P01116","GTPase KRas","IC50","CHEMBL4214264","InChI=1S/C21H17ClF2N4O2/c1-2-16(30)27-6-8-28(9-7-27)21-12-10-13(22)17(19(24)20(12)25-11-26-21)18-14(23)4-3-5-15(18)29/h2-5,10-11,29H,1,6-9H2","ZRPZPNYZFSJUPA-UHFFFAOYSA-N","C=CC(=O)N1CCN(c2ncnc3c(F)c(-c4c(O)cccc4F)c(Cl)cc23)CC1","Active"
"P01116","GTPase KRas","IC50","CHEMBL4572411","InChI=1S/C24H28N6O/c1-4-22(31)29-7-9-30(10-8-29)24-18-11-16(3)17(12-21(18)25-14-26-24)23-15(2)5-6-20-19(23)13-27-28-20/h4-6,13-14,16-17H,1,7-12H2,2-3H3,(H,27,28)/t16-,17-/m1/s1","WPNUWRIXRDAFFF-IAGOWNOFSA-N","C=CC(=O)N1CCN(c2ncnc3c2C[C@@H](C)[C@H](c2c(C)ccc4[nH]ncc24)C3)CC1","Active"
"P01116","GTPase KRas","IC50","CHEMBL4536127","InChI=1S/C23H21ClN6O/c1-3-21(31)29-6-8-30(9-7-29)23-16-10-18(24)15(11-20(16)25-13-26-23)22-14(2)4-5-19-17(22)12-27-28-19/h3-5,10-13H,1,6-9H2,2H3,(H,27,28)","KXPPWECLWGJIPD-UHFFFAOYSA-N","C=CC(=O)N1CCN(c2ncnc3cc(-c4c(C)ccc5[nH]ncc45)c(Cl)cc23)CC1","Active"
"P01116","GTPase KRas","IC50","CHEMBL4460809","InChI=1S/C30H28ClFN4O2/c1-4-27(38)35-12-14-36(15-13-35)30-22-17-24(31)23(28-25(32)10-7-11-26(28)37)16-21(22)29(33-34-30)20-9-6-5-8-19(20)18(2)3/h4-11,16-18,37H,1,12-15H2,2-3H3","ASLMBSYLUVSWDO-UHFFFAOYSA-N","C=CC(=O)N1CCN(c2nnc(-c3ccccc3C(C)C)c3cc(-c4c(O)cccc4F)c(Cl)cc23)CC1","Active"
"P01116","GTPase KRas","IC50","CHEMBL4515333","InChI=1S/C29H26ClFN4O2/c1-3-18-8-5-6-9-19(18)28-20-16-22(27-24(31)10-7-11-25(27)36)23(30)17-21(20)29(33-32-28)35-14-12-34(13-15-35)26(37)4-2/h4-11,16-17,36H,2-3,12-15H2,1H3","KWZPNWLSUXCBDL-UHFFFAOYSA-N","C=CC(=O)N1CCN(c2nnc(-c3ccccc3CC)c3cc(-c4c(O)cccc4F)c(Cl)cc23)CC1","Active"
"P01116","GTPase KRas","IC50","CHEMBL4567284","InChI=1S/C24H21ClFN3O3/c1-3-20(31)28-7-8-29-14(11-28)12-32-19-10-27-23-13(2)21(16(25)9-15(23)24(19)29)22-17(26)5-4-6-18(22)30/h3-6,9-10,14,30H,1,7-8,11-12H2,2H3/t14-/m1/s1","BATBWOGNVDIMCI-CQSZACIVSA-N","C=CC(=O)N1CCN2c3c(cnc4c(C)c(-c5c(O)cccc5F)c(Cl)cc34)OC[C@H]2C1","Active"
"P01116","GTPase KRas","IC50","CHEMBL4452974","InChI=1S/C24H19ClF2N4O3/c1-3-18(33)30-7-8-31-16(11-30)24(34)29(2)15-10-28-22-12(23(15)31)9-13(25)19(21(22)27)20-14(26)5-4-6-17(20)32/h3-6,9-10,16,32H,1,7-8,11H2,2H3/t16-/m1/s1","NZIBTXKFKUORFB-MRXNPFEDSA-N","C=CC(=O)N1CCN2c3c(cnc4c(F)c(-c5c(O)cccc5F)c(Cl)cc34)N(C)C(=O)[C@H]2C1","Active"
"P01116","GTPase KRas","IC50","CHEMBL4591572","InChI=1S/C23H18ClF2N3O3/c1-2-18(31)28-6-7-29-12(10-28)11-32-17-9-27-22-13(23(17)29)8-14(24)19(21(22)26)20-15(25)4-3-5-16(20)30/h2-5,8-9,12,30H,1,6-7,10-11H2/t12-/m1/s1","CXKJZZTXQSAOQP-GFCCVEGCSA-N","C=CC(=O)N1CCN2c3c(cnc4c(F)c(-c5c(O)cccc5F)c(Cl)cc34)OC[C@H]2C1","Active"
"P01116","GTPase KRas","IC50","CHEMBL4572730","InChI=1S/C24H21ClFN3O4/c1-3-19(31)28-7-8-29-13(11-28)12-33-18-10-27-22-14(23(18)29)9-15(25)20(24(22)32-2)21-16(26)5-4-6-17(21)30/h3-6,9-10,13,30H,1,7-8,11-12H2,2H3/t13-/m1/s1","YCURZSOLGPOBLT-CYBMUJFWSA-N","C=CC(=O)N1CCN2c3c(cnc4c(OC)c(-c5c(O)cccc5F)c(Cl)cc34)OC[C@H]2C1","Active"
"P01116","GTPase KRas","IC50","CHEMBL4548586","InChI=1S/C26H24ClN5O2/c1-3-24(33)31-7-8-32-16(14-31)6-9-34-23-13-28-22-11-17(20(27)10-18(22)26(23)32)25-15(2)4-5-21-19(25)12-29-30-21/h3-5,10-13,16H,1,6-9,14H2,2H3,(H,29,30)/t16-/m0/s1","SAJURXLPLIIFPC-INIZCTEOSA-N","C=CC(=O)N1CCN2c3c(cnc4cc(-c5c(C)ccc6[nH]ncc56)c(Cl)cc34)OCC[C@H]2C1","Active"
"P01116","GTPase KRas","IC50","CHEMBL4454588","InChI=1S/C25H22ClN5O2/c1-3-23(32)30-6-7-31-15(12-30)13-33-22-11-27-21-9-16(19(26)8-17(21)25(22)31)24-14(2)4-5-20-18(24)10-28-29-20/h3-5,8-11,15H,1,6-7,12-13H2,2H3,(H,28,29)/t15-/m0/s1","WVMYEIUNCJOMQJ-HNNXBMFYSA-N","C=CC(=O)N1CCN2c3c(cnc4cc(-c5c(C)ccc6[nH]ncc56)c(Cl)cc34)OC[C@@H]2C1","Active"
"P01116","GTPase KRas","IC50","CHEMBL4483782","InChI=1S/C25H22ClN5O2/c1-3-23(32)30-6-7-31-15(12-30)13-33-22-11-27-21-9-16(19(26)8-17(21)25(22)31)24-14(2)4-5-20-18(24)10-28-29-20/h3-5,8-11,15H,1,6-7,12-13H2,2H3,(H,28,29)/t15-/m1/s1","WVMYEIUNCJOMQJ-OAHLLOKOSA-N","C=CC(=O)N1CCN2c3c(cnc4cc(-c5c(C)ccc6[nH]ncc56)c(Cl)cc34)OC[C@H]2C1","Active"
"P01116","GTPase KRas","IC50","CHEMBL4551121","InChI=1S/C24H20ClFN4O3/c1-3-21(32)29-7-8-30-19(12-29)24(33)28(2)18-11-27-17-10-13(15(25)9-14(17)23(18)30)22-16(26)5-4-6-20(22)31/h3-6,9-11,19,31H,1,7-8,12H2,2H3/t19-/m1/s1","XQFCVVDSLRDCHM-LJQANCHMSA-N","C=CC(=O)N1CCN2c3c(cnc4cc(-c5c(O)cccc5F)c(Cl)cc34)N(C)C(=O)[C@H]2C1","Active"
"P01116","GTPase KRas","IC50","CHEMBL4461913","InChI=1S/C24H22ClFN4O2/c1-3-22(32)29-7-8-30-14(13-29)12-28(2)20-11-27-19-10-15(17(25)9-16(19)24(20)30)23-18(26)5-4-6-21(23)31/h3-6,9-11,14,31H,1,7-8,12-13H2,2H3/t14-/m0/s1","ALYIJUHOZCCHSR-AWEZNQCLSA-N","C=CC(=O)N1CCN2c3c(cnc4cc(-c5c(O)cccc5F)c(Cl)cc34)N(C)C[C@H]2C1","Active"
"P01116","GTPase KRas","IC50","CHEMBL4453777","InChI=1S/C23H18ClFN4O3/c1-2-20(31)28-6-7-29-18(11-28)23(32)27-17-10-26-16-9-12(14(24)8-13(16)22(17)29)21-15(25)4-3-5-19(21)30/h2-5,8-10,18,30H,1,6-7,11H2,(H,27,32)/t18-/m1/s1","SBFNBXJLJDIRLI-GOSISDBHSA-N","C=CC(=O)N1CCN2c3c(cnc4cc(-c5c(O)cccc5F)c(Cl)cc34)NC(=O)[C@H]2C1","Active"
"P01116","GTPase KRas","IC50","CHEMBL4560503","InChI=1S/C23H20ClFN4O2/c1-2-21(31)28-6-7-29-13(12-28)10-26-19-11-27-18-9-14(16(24)8-15(18)23(19)29)22-17(25)4-3-5-20(22)30/h2-5,8-9,11,13,26,30H,1,6-7,10,12H2/t13-/m0/s1","VNBALIOFUBKVJT-ZDUSSCGKSA-N","C=CC(=O)N1CCN2c3c(cnc4cc(-c5c(O)cccc5F)c(Cl)cc34)NC[C@H]2C1","Active"
"P01116","GTPase KRas","IC50","CHEMBL4456368","InChI=1S/C23H19ClFN3O3/c1-2-21(30)27-6-7-28-13(11-27)12-31-20-10-26-18-9-14(16(24)8-15(18)23(20)28)22-17(25)4-3-5-19(22)29/h2-5,8-10,13,29H,1,6-7,11-12H2/t13-/m1/s1","JTOFAQWGXSZNJH-CYBMUJFWSA-N","C=CC(=O)N1CCN2c3c(cnc4cc(-c5c(O)cccc5F)c(Cl)cc34)OC[C@H]2C1","Active"
"P01116","GTPase KRas","IC50","CHEMBL4443236","InChI=1S/C29H31ClN8O2/c1-5-23(39)36-8-9-38-18(14-36)15-40-27-25-22(32-29(33-28(25)38)37-12-17(13-37)35(3)4)10-19(26(27)30)24-16(2)6-7-21-20(24)11-31-34-21/h5-7,10-11,17-18H,1,8-9,12-15H2,2-4H3,(H,31,34)/t18-/m0/s1","FKHASWQIAUADON-SFHVURJKSA-N","C=CC(=O)N1CCN2c3nc(N4CC(N(C)C)C4)nc4cc(-c5c(C)ccc6[nH]ncc56)c(Cl)c(c34)OC[C@@H]2C1","Active"
"P01116","GTPase KRas","IC50","CHEMBL4568148","InChI=1S/C32H35ClN8O2/c1-3-26(42)40-12-13-41-21(16-40)17-43-30-28-25(14-22(29(30)33)27-18(2)4-7-24-23(27)15-34-38-24)36-32(37-31(28)41)35-19-8-10-39(11-9-19)20-5-6-20/h3-4,7,14-15,19-21H,1,5-6,8-13,16-17H2,2H3,(H,34,38)(H,35,36,37)/t21-/m0/s1","YIADPUQAOUEATK-NRFANRHFSA-N","C=CC(=O)N1CCN2c3nc(NC4CCN(C5CC5)CC4)nc4cc(-c5c(C)ccc6[nH]ncc56)c(Cl)c(c34)OC[C@@H]2C1","Active"
"P01116","GTPase KRas","IC50","CHEMBL4566835","InChI=1S/C28H31ClN8O2/c1-5-22(38)36-10-11-37-17(14-36)15-39-26-24-21(32-28(33-27(24)37)30-8-9-35(3)4)12-18(25(26)29)23-16(2)6-7-20-19(23)13-31-34-20/h5-7,12-13,17H,1,8-11,14-15H2,2-4H3,(H,31,34)(H,30,32,33)/t17-/m0/s1","BTSLADGESTVJLG-KRWDZBQOSA-N","C=CC(=O)N1CCN2c3nc(NCCN(C)C)nc4cc(-c5c(C)ccc6[nH]ncc56)c(Cl)c(c34)OC[C@@H]2C1","Active"
"P01116","GTPase KRas","IC50","CHEMBL4452819","InChI=1S/C22H17ClF2N4O3/c1-2-14(31)28-6-7-29-11(8-28)9-32-21-17-20(26-10-27-22(17)29)19(25)16(18(21)23)15-12(24)4-3-5-13(15)30/h2-5,10-11,30H,1,6-9H2/t11-/m0/s1","RNIQSNPKACJDCB-NSHDSACASA-N","C=CC(=O)N1CCN2c3ncnc4c(F)c(-c5c(O)cccc5F)c(Cl)c(c34)OC[C@@H]2C1","Active"
"P01116","GTPase KRas","IC50","CHEMBL4475526","InChI=1S/C24H21ClN6O2/c1-3-19(32)30-6-7-31-14(10-30)11-33-23-21-18(26-12-27-24(21)31)8-15(22(23)25)20-13(2)4-5-17-16(20)9-28-29-17/h3-5,8-9,12,14H,1,6-7,10-11H2,2H3,(H,28,29)/t14-/m0/s1","HRCJTOKNGFIMKE-AWEZNQCLSA-N","C=CC(=O)N1CCN2c3ncnc4cc(-c5c(C)ccc6[nH]ncc56)c(Cl)c(c34)OC[C@@H]2C1","Active"
"P01116","GTPase KRas","IC50","CHEMBL4450793","InChI=1S/C22H18Cl2N4O3/c1-2-17(30)27-6-7-28-12(9-27)10-31-21-19-15(25-11-26-22(19)28)8-13(20(21)24)18-14(23)4-3-5-16(18)29/h2-5,8,11-12,29H,1,6-7,9-10H2/t12-/m0/s1","VMKFPBLRGRERNR-LBPRGKRZSA-N","C=CC(=O)N1CCN2c3ncnc4cc(-c5c(O)cccc5Cl)c(Cl)c(c34)OC[C@@H]2C1","Active"
"P01116","GTPase KRas","IC50","CHEMBL4455938","InChI=1S/C22H18ClFN4O3/c1-2-17(30)27-6-7-28-12(9-27)10-31-21-19-15(25-11-26-22(19)28)8-13(20(21)23)18-14(24)4-3-5-16(18)29/h2-5,8,11-12,29H,1,6-7,9-10H2/t12-/m0/s1","STOKWFBCCGTMFZ-LBPRGKRZSA-N","C=CC(=O)N1CCN2c3ncnc4cc(-c5c(O)cccc5F)c(Cl)c(c34)OC[C@@H]2C1","Active"
"P01116","GTPase KRas","IC50","CHEMBL4455191","InChI=1S/C24H21ClFN3O3/c1-3-22(31)28-11-14-12-32-21-9-27-19-8-15(23-18(26)5-4-6-20(23)30)17(25)7-16(19)24(21)29(14)10-13(28)2/h3-9,13-14,30H,1,10-12H2,2H3/t13-,14-/m1/s1","YZSYFOAFNHPZBJ-ZIAGYGMSSA-N","C=CC(=O)N1C[C@@H]2COc3cnc4cc(-c5c(O)cccc5F)c(Cl)cc4c3N2C[C@H]1C","Active"
"P01116","GTPase KRas","Ki","CHEMBL3922435","InChI=1S/C15H22N6O12P2/c1-2-8(22)17-3-4-30-34(26,27)33-35(28,29)31-5-7-10(23)11(24)14(32-7)21-6-18-9-12(21)19-15(16)20-13(9)25/h2,6-7,10-11,14,23-24H,1,3-5H2,(H,17,22)(H,26,27)(H,28,29)(H3,16,19,20,25)/t7-,10-,11-,14-/m1/s1","YXTDDSRNWJLBJR-FRJWGUMJSA-N","C=CC(=O)NCCOP(=O)(O)OP(=O)(O)OC[C@H]1O[C@@H](n2cnc3c(=O)[nH]c(N)nc32)[C@H](O)[C@@H]1O","Active"
"P01116","GTPase KRas","IC50","CHEMBL3218638","InChI=1S/C70H102FN19O14/c1-40(2)35-53-66(103)104-39-70(3,4)57(94)65(102)90-34-9-8-18-54(90)64(101)82-45(26-21-41-13-6-5-7-14-41)38-56(93)83-50(29-30-55(72)92)61(98)85-48(16-11-32-80-68(75)76)59(96)87-52(36-42-19-24-44(71)25-20-42)63(100)88-51(37-43-22-27-46(91)28-23-43)62(99)86-47(15-10-31-79-67(73)74)58(95)84-49(60(97)89-53)17-12-33-81-69(77)78/h5-7,13-14,19-20,22-25,27-28,40,45,47-54,91H,8-12,15-18,21,26,29-39H2,1-4H3,(H2,72,92)(H,82,101)(H,83,93)(H,84,95)(H,85,98)(H,86,99)(H,87,96)(H,88,100)(H,89,97)(H4,73,74,79)(H4,75,76,80)(H4,77,78,81)/t45-,47+,48+,49+,50+,51+,52+,53+,54+/m1/s1","DXGQXRCLUBMDCZ-YXTGJPTOSA-N","CC(C)C[C@@H]1NC(=O)[C@H](CCCNC(=N)N)NC(=O)[C@H](CCCNC(=N)N)NC(=O)[C@H](Cc2ccc(O)cc2)NC(=O)[C@H](Cc2ccc(F)cc2)NC(=O)[C@H](CCCNC(=N)N)NC(=O)[C@H](CCC(N)=O)NC(=O)C[C@@H](CCc2ccccc2)NC(=O)[C@@H]2CCCCN2C(=O)C(=O)C(C)(C)COC1=O","Active"
"P01116","GTPase KRas","IC50","CHEMBL3218641","InChI=1S/C74H104FN19O13/c1-4-5-20-55-70(106)107-43-74(2,3)61(97)69(105)94-38-12-11-24-58(94)68(104)86-50(32-28-44-16-7-6-8-17-44)42-60(96)87-54(33-34-59(76)95)65(101)89-51(21-13-35-83-71(77)78)62(98)88-52(22-14-36-84-72(79)80)63(99)93-57(41-46-25-29-47-18-9-10-19-48(47)39-46)66(102)90-53(23-15-37-85-73(81)82)64(100)92-56(67(103)91-55)40-45-26-30-49(75)31-27-45/h6-10,16-19,25-27,29-31,39,50-58H,4-5,11-15,20-24,28,32-38,40-43H2,1-3H3,(H2,76,95)(H,86,104)(H,87,96)(H,88,98)(H,89,101)(H,90,102)(H,91,103)(H,92,100)(H,93,99)(H4,77,78,83)(H4,79,80,84)(H4,81,82,85)/t50-,51+,52+,53+,54+,55-,56+,57-,58+/m1/s1","MHVHZGCFYPNWOB-ZRRDKFOQSA-N","CCCC[C@H]1NC(=O)[C@H](Cc2ccc(F)cc2)NC(=O)[C@H](CCCN=C(N)N)NC(=O)[C@@H](Cc2ccc3ccccc3c2)NC(=O)[C@H](CCCN=C(N)N)NC(=O)[C@H](CCCN=C(N)N)NC(=O)[C@H](CCC(N)=O)NC(=O)C[C@@H](CCc2ccccc2)NC(=O)[C@@H]2CCCCN2C(=O)C(=O)C(C)(C)COC1=O","Active"
"P01116","GTPase KRas","IC50","CHEMBL4063829","InChI=1S/C102H178N44O24S2/c1-9-52(6)75-92(168)140-68(47-147)87(163)137-66(45-55-30-32-56(149)33-31-55)86(162)139-67(46-73(150)151)93(169)145-42-19-29-72(145)90(166)143-74(51(4)5)91(167)141-69(88(164)136-63(26-16-40-126-101(116)117)83(159)134-61(24-14-38-124-99(112)113)81(157)132-59(22-12-36-122-97(108)109)79(155)130-57(76(103)152)20-10-34-120-95(104)105)48-171-172-49-70(94(170)146-43-18-28-71(146)89(165)138-65(44-50(2)3)85(161)128-53(7)77(153)144-75)142-84(160)64(27-17-41-127-102(118)119)135-82(158)62(25-15-39-125-100(114)115)133-80(156)60(23-13-37-123-98(110)111)131-78(154)58(129-54(8)148)21-11-35-121-96(106)107/h30-33,50-53,57-72,74-75,147,149H,9-29,34-49H2,1-8H3,(H2,103,152)(H,128,161)(H,129,148)(H,130,155)(H,131,154)(H,132,157)(H,133,156)(H,134,159)(H,135,158)(H,136,164)(H,137,163)(H,138,165)(H,139,162)(H,140,168)(H,141,167)(H,142,160)(H,143,166)(H,144,153)(H,150,151)(H4,104,105,120)(H4,106,107,121)(H4,108,109,122)(H4,110,111,123)(H4,112,113,124)(H4,114,115,125)(H4,116,117,126)(H4,118,119,127)/t52-,53-,57-,58-,59-,60-,61-,62-,63-,64-,65-,66-,67-,68-,69-,70-,71-,72-,74-,75-/m0/s1","ASKOIVCPTUCUMC-NLCBULRISA-N","CC[C@H](C)[C@@H]1NC(=O)[C@H](C)NC(=O)[C@H](CC(C)C)NC(=O)[C@@H]2CCCN2C(=O)[C@@H](NC(=O)[C@H](CCCNC(=N)N)NC(=O)[C@H](CCCNC(=N)N)NC(=O)[C@H](CCCNC(=N)N)NC(=O)[C@H](CCCNC(=N)N)NC(C)=O)CSSC[C@@H](C(=O)N[C@@H](CCCNC(=N)N)C(=O)N[C@@H](CCCNC(=N)N)C(=O)N[C@@H](CCCNC(=N)N)C(=O)N[C@@H](CCCNC(=N)N)C(N)=O)NC(=O)[C@H](C(C)C)NC(=O)[C@@H]2CCCN2C(=O)[C@H](CC(=O)O)NC(=O)[C@H](Cc2ccc(O)cc2)NC(=O)[C@H](CO)NC1=O","Active"
"P01116","GTPase KRas","IC50","CHEMBL4082777","InChI=1S/C108H182N44O25S2/c1-8-56(6)81-98(175)146-74(51-153)93(170)143-71(48-58-29-33-60(155)34-30-58)91(168)145-73(50-79(157)158)99(176)151-45-18-28-78(151)96(173)149-80(55(4)5)97(174)147-75(94(171)141-68(25-15-43-132-107(122)123)88(165)139-66(23-13-41-130-105(118)119)86(163)137-64(21-11-39-128-103(114)115)84(161)135-62(82(109)159)19-9-37-126-101(110)111)52-178-179-53-76(100(177)152-46-17-27-77(152)95(172)144-70(47-54(2)3)90(167)142-72(92(169)150-81)49-59-31-35-61(156)36-32-59)148-89(166)69(26-16-44-133-108(124)125)140-87(164)67(24-14-42-131-106(120)121)138-85(162)65(22-12-40-129-104(116)117)136-83(160)63(134-57(7)154)20-10-38-127-102(112)113/h29-36,54-56,62-78,80-81,153,155-156H,8-28,37-53H2,1-7H3,(H2,109,159)(H,134,154)(H,135,161)(H,136,160)(H,137,163)(H,138,162)(H,139,165)(H,140,164)(H,141,171)(H,142,167)(H,143,170)(H,144,172)(H,145,168)(H,146,175)(H,147,174)(H,148,166)(H,149,173)(H,150,169)(H,157,158)(H4,110,111,126)(H4,112,113,127)(H4,114,115,128)(H4,116,117,129)(H4,118,119,130)(H4,120,121,131)(H4,122,123,132)(H4,124,125,133)/t56-,62+,63+,64-,65-,66-,67-,68-,69-,70-,71-,72-,73-,74-,75-,76-,77-,78-,80-,81-/m0/s1","SVUZBYDIXUMDGY-LGNRGEMCSA-N","CC[C@H](C)[C@@H]1NC(=O)[C@H](Cc2ccc(O)cc2)NC(=O)[C@H](CC(C)C)NC(=O)[C@@H]2CCCN2C(=O)[C@@H](NC(=O)[C@H](CCCNC(=N)N)NC(=O)[C@H](CCCNC(=N)N)NC(=O)[C@H](CCCNC(=N)N)NC(=O)[C@@H](CCCNC(=N)N)NC(C)=O)CSSC[C@@H](C(=O)N[C@@H](CCCNC(=N)N)C(=O)N[C@@H](CCCNC(=N)N)C(=O)N[C@@H](CCCNC(=N)N)C(=O)N[C@H](CCCNC(=N)N)C(N)=O)NC(=O)[C@H](C(C)C)NC(=O)[C@@H]2CCCN2C(=O)[C@H](CC(=O)O)NC(=O)[C@H](Cc2ccc(O)cc2)NC(=O)[C@H](CO)NC1=O","Active"
"P01116","GTPase KRas","IC50","CHEMBL4089137","InChI=1S/C112H183N45O27S2/c1-8-56(6)81-100(180)150-74(51-158)95(175)147-71(48-58-29-33-60(160)34-30-58)93(173)149-73(50-79(162)163)103(183)156-45-18-28-78(156)98(178)153-80(55(4)5)99(179)151-75(96(176)145-68(25-15-43-136-111(126)127)90(170)143-66(23-13-41-134-109(122)123)88(168)141-64(21-11-39-132-107(118)119)86(166)139-62(84(113)164)19-9-37-130-105(114)115)52-185-82-83(102(182)155-101(82)181)186-53-76(104(184)157-46-17-27-77(157)97(177)148-70(47-54(2)3)92(172)146-72(94(174)154-81)49-59-31-35-61(161)36-32-59)152-91(171)69(26-16-44-137-112(128)129)144-89(169)67(24-14-42-135-110(124)125)142-87(167)65(22-12-40-133-108(120)121)140-85(165)63(138-57(7)159)20-10-38-131-106(116)117/h29-36,54-56,62-78,80-81,158,160-161H,8-28,37-53H2,1-7H3,(H2,113,164)(H,138,159)(H,139,166)(H,140,165)(H,141,168)(H,142,167)(H,143,170)(H,144,169)(H,145,176)(H,146,172)(H,147,175)(H,148,177)(H,149,173)(H,150,180)(H,151,179)(H,152,171)(H,153,178)(H,154,174)(H,162,163)(H4,114,115,130)(H4,116,117,131)(H4,118,119,132)(H4,120,121,133)(H4,122,123,134)(H4,124,125,135)(H4,126,127,136)(H4,128,129,137)(H,155,181,182)/t56-,62-,63-,64-,65-,66-,67-,68-,69-,70-,71-,72-,73-,74-,75-,76-,77-,78-,80-,81-/m0/s1","ZOZLCFOXXNTLOT-WVEXBLHFSA-N","CC[C@H](C)[C@@H]1NC(=O)[C@H](Cc2ccc(O)cc2)NC(=O)[C@H](CC(C)C)NC(=O)[C@@H]2CCCN2C(=O)[C@@H](NC(=O)[C@H](CCCNC(=N)N)NC(=O)[C@H](CCCNC(=N)N)NC(=O)[C@H](CCCNC(=N)N)NC(=O)[C@H](CCCNC(=N)N)NC(C)=O)CSC2=C(SC[C@@H](C(=O)N[C@@H](CCCNC(=N)N)C(=O)N[C@@H](CCCNC(=N)N)C(=O)N[C@@H](CCCNC(=N)N)C(=O)N[C@@H](CCCNC(=N)N)C(N)=O)NC(=O)[C@H](C(C)C)NC(=O)[C@@H]3CCCN3C(=O)[C@H](CC(=O)O)NC(=O)[C@H](Cc3ccc(O)cc3)NC(=O)[C@H](CO)NC1=O)C(=O)NC2=O","Active"
"P01116","GTPase KRas","IC50","CHEMBL4099289","InChI=1S/C111H188N44O25S2/c1-8-59(6)84-101(178)149-77(54-156)96(173)146-74(51-61-30-34-63(158)35-31-61)94(171)148-76(53-82(160)161)102(179)154-46-18-29-81(154)99(176)152-83(58(4)5)100(177)150-78(97(174)144-71(26-15-44-135-110(125)126)91(168)142-69(24-13-42-133-108(121)122)89(166)140-67(22-11-40-131-106(117)118)87(164)138-65(85(112)162)20-9-38-129-104(113)114)55-181-48-19-49-182-56-79(103(180)155-47-17-28-80(155)98(175)147-73(50-57(2)3)93(170)145-75(95(172)153-84)52-62-32-36-64(159)37-33-62)151-92(169)72(27-16-45-136-111(127)128)143-90(167)70(25-14-43-134-109(123)124)141-88(165)68(23-12-41-132-107(119)120)139-86(163)66(137-60(7)157)21-10-39-130-105(115)116/h30-37,57-59,65-81,83-84,156,158-159H,8-29,38-56H2,1-7H3,(H2,112,162)(H,137,157)(H,138,164)(H,139,163)(H,140,166)(H,141,165)(H,142,168)(H,143,167)(H,144,174)(H,145,170)(H,146,173)(H,147,175)(H,148,171)(H,149,178)(H,150,177)(H,151,169)(H,152,176)(H,153,172)(H,160,161)(H4,113,114,129)(H4,115,116,130)(H4,117,118,131)(H4,119,120,132)(H4,121,122,133)(H4,123,124,134)(H4,125,126,135)(H4,127,128,136)/t59-,65-,66-,67-,68-,69-,70-,71-,72-,73-,74-,75-,76-,77-,78-,79-,80-,81-,83-,84-/m0/s1","BQCJBGRYZXQOJI-NRRUHYSXSA-N","CC[C@H](C)[C@@H]1NC(=O)[C@H](Cc2ccc(O)cc2)NC(=O)[C@H](CC(C)C)NC(=O)[C@@H]2CCCN2C(=O)[C@@H](NC(=O)[C@H](CCCNC(=N)N)NC(=O)[C@H](CCCNC(=N)N)NC(=O)[C@H](CCCNC(=N)N)NC(=O)[C@H](CCCNC(=N)N)NC(C)=O)CSCCCSC[C@@H](C(=O)N[C@@H](CCCNC(=N)N)C(=O)N[C@@H](CCCNC(=N)N)C(=O)N[C@@H](CCCNC(=N)N)C(=O)N[C@@H](CCCNC(=N)N)C(N)=O)NC(=O)[C@H](C(C)C)NC(=O)[C@@H]2CCCN2C(=O)[C@H](CC(=O)O)NC(=O)[C@H](Cc2ccc(O)cc2)NC(=O)[C@H](CO)NC1=O","Active"
"P01116","GTPase KRas","IC50","CHEMBL4081270","InChI=1S/C110H186N44O25S2/c1-8-58(6)83-100(177)148-76(53-155)95(172)145-73(50-60-29-33-62(157)34-30-60)93(170)147-75(52-81(159)160)101(178)153-45-18-28-80(153)98(175)151-82(57(4)5)99(176)149-77(96(173)143-70(25-15-43-134-109(124)125)90(167)141-68(23-13-41-132-107(120)121)88(165)139-66(21-11-39-130-105(116)117)86(163)137-64(84(111)161)19-9-37-128-103(112)113)54-180-47-48-181-55-78(102(179)154-46-17-27-79(154)97(174)146-72(49-56(2)3)92(169)144-74(94(171)152-83)51-61-31-35-63(158)36-32-61)150-91(168)71(26-16-44-135-110(126)127)142-89(166)69(24-14-42-133-108(122)123)140-87(164)67(22-12-40-131-106(118)119)138-85(162)65(136-59(7)156)20-10-38-129-104(114)115/h29-36,56-58,64-80,82-83,155,157-158H,8-28,37-55H2,1-7H3,(H2,111,161)(H,136,156)(H,137,163)(H,138,162)(H,139,165)(H,140,164)(H,141,167)(H,142,166)(H,143,173)(H,144,169)(H,145,172)(H,146,174)(H,147,170)(H,148,177)(H,149,176)(H,150,168)(H,151,175)(H,152,171)(H,159,160)(H4,112,113,128)(H4,114,115,129)(H4,116,117,130)(H4,118,119,131)(H4,120,121,132)(H4,122,123,133)(H4,124,125,134)(H4,126,127,135)/t58-,64-,65-,66-,67-,68-,69-,70-,71-,72-,73-,74-,75-,76-,77-,78-,79-,80-,82-,83-/m0/s1","OSDAHXNKDVHYAT-BAZUOMPJSA-N","CC[C@H](C)[C@@H]1NC(=O)[C@H](Cc2ccc(O)cc2)NC(=O)[C@H](CC(C)C)NC(=O)[C@@H]2CCCN2C(=O)[C@@H](NC(=O)[C@H](CCCNC(=N)N)NC(=O)[C@H](CCCNC(=N)N)NC(=O)[C@H](CCCNC(=N)N)NC(=O)[C@H](CCCNC(=N)N)NC(C)=O)CSCCSC[C@@H](C(=O)N[C@@H](CCCNC(=N)N)C(=O)N[C@@H](CCCNC(=N)N)C(=O)N[C@@H](CCCNC(=N)N)C(=O)N[C@@H](CCCNC(=N)N)C(N)=O)NC(=O)[C@H](C(C)C)NC(=O)[C@@H]2CCCN2C(=O)[C@H](CC(=O)O)NC(=O)[C@H](Cc2ccc(O)cc2)NC(=O)[C@H](CO)NC1=O","Active"
"P01116","GTPase KRas","IC50","CHEMBL4091553","InChI=1S/C109H184N44O25S2/c1-8-57(6)82-99(176)147-75(51-154)94(171)144-72(48-59-29-33-61(156)34-30-59)92(169)146-74(50-80(158)159)100(177)152-45-18-28-79(152)97(174)150-81(56(4)5)98(175)148-76(95(172)142-69(25-15-43-133-108(123)124)89(166)140-67(23-13-41-131-106(119)120)87(164)138-65(21-11-39-129-104(115)116)85(162)136-63(83(110)160)19-9-37-127-102(111)112)52-179-54-180-53-77(101(178)153-46-17-27-78(153)96(173)145-71(47-55(2)3)91(168)143-73(93(170)151-82)49-60-31-35-62(157)36-32-60)149-90(167)70(26-16-44-134-109(125)126)141-88(165)68(24-14-42-132-107(121)122)139-86(163)66(22-12-40-130-105(117)118)137-84(161)64(135-58(7)155)20-10-38-128-103(113)114/h29-36,55-57,63-79,81-82,154,156-157H,8-28,37-54H2,1-7H3,(H2,110,160)(H,135,155)(H,136,162)(H,137,161)(H,138,164)(H,139,163)(H,140,166)(H,141,165)(H,142,172)(H,143,168)(H,144,171)(H,145,173)(H,146,169)(H,147,176)(H,148,175)(H,149,167)(H,150,174)(H,151,170)(H,158,159)(H4,111,112,127)(H4,113,114,128)(H4,115,116,129)(H4,117,118,130)(H4,119,120,131)(H4,121,122,132)(H4,123,124,133)(H4,125,126,134)/t57-,63-,64-,65-,66-,67-,68-,69-,70-,71-,72-,73-,74-,75-,76-,77-,78-,79-,81-,82-/m0/s1","GZYPMISCHHGDPH-XYPRFZJKSA-N","CC[C@H](C)[C@@H]1NC(=O)[C@H](Cc2ccc(O)cc2)NC(=O)[C@H](CC(C)C)NC(=O)[C@@H]2CCCN2C(=O)[C@@H](NC(=O)[C@H](CCCNC(=N)N)NC(=O)[C@H](CCCNC(=N)N)NC(=O)[C@H](CCCNC(=N)N)NC(=O)[C@H](CCCNC(=N)N)NC(C)=O)CSCSC[C@@H](C(=O)N[C@@H](CCCNC(=N)N)C(=O)N[C@@H](CCCNC(=N)N)C(=O)N[C@@H](CCCNC(=N)N)C(=O)N[C@@H](CCCNC(=N)N)C(N)=O)NC(=O)[C@H](C(C)C)NC(=O)[C@@H]2CCCN2C(=O)[C@H](CC(=O)O)NC(=O)[C@H](Cc2ccc(O)cc2)NC(=O)[C@H](CO)NC1=O","Active"
"P01116","GTPase KRas","IC50","CHEMBL4074790","InChI=1S/C107H182N44O23S2/c1-9-56(6)80-97(172)145-74(51-152)92(167)143-72(49-59-30-34-61(154)35-31-59)89(164)133-57(7)98(173)150-46-18-29-78(150)95(170)148-79(55(4)5)96(171)146-75(93(168)141-69(26-16-44-131-106(121)122)87(162)139-67(24-14-42-129-104(117)118)85(160)137-65(22-12-40-127-102(113)114)83(158)135-63(81(108)156)20-10-38-125-100(109)110)52-175-176-53-76(99(174)151-47-19-28-77(151)94(169)144-71(48-54(2)3)90(165)142-73(91(166)149-80)50-60-32-36-62(155)37-33-60)147-88(163)70(27-17-45-132-107(123)124)140-86(161)68(25-15-43-130-105(119)120)138-84(159)66(23-13-41-128-103(115)116)136-82(157)64(134-58(8)153)21-11-39-126-101(111)112/h30-37,54-57,63-80,152,154-155H,9-29,38-53H2,1-8H3,(H2,108,156)(H,133,164)(H,134,153)(H,135,158)(H,136,157)(H,137,160)(H,138,159)(H,139,162)(H,140,161)(H,141,168)(H,142,165)(H,143,167)(H,144,169)(H,145,172)(H,146,171)(H,147,163)(H,148,170)(H,149,166)(H4,109,110,125)(H4,111,112,126)(H4,113,114,127)(H4,115,116,128)(H4,117,118,129)(H4,119,120,130)(H4,121,122,131)(H4,123,124,132)/t56-,57-,63-,64-,65-,66-,67-,68-,69-,70-,71-,72-,73-,74-,75-,76-,77-,78-,79-,80-/m0/s1","BNIKUQVBVMIHAO-SQYYYKBQSA-N","CC[C@H](C)[C@@H]1NC(=O)[C@H](Cc2ccc(O)cc2)NC(=O)[C@H](CC(C)C)NC(=O)[C@@H]2CCCN2C(=O)[C@@H](NC(=O)[C@H](CCCNC(=N)N)NC(=O)[C@H](CCCNC(=N)N)NC(=O)[C@H](CCCNC(=N)N)NC(=O)[C@H](CCCNC(=N)N)NC(C)=O)CSSC[C@@H](C(=O)N[C@@H](CCCNC(=N)N)C(=O)N[C@@H](CCCNC(=N)N)C(=O)N[C@@H](CCCNC(=N)N)C(=O)N[C@@H](CCCNC(=N)N)C(N)=O)NC(=O)[C@H](C(C)C)NC(=O)[C@@H]2CCCN2C(=O)[C@H](C)NC(=O)[C@H](Cc2ccc(O)cc2)NC(=O)[C@H](CO)NC1=O","Active"
"P01116","GTPase KRas","IC50","CHEMBL4062018","InChI=1S/C102H178N44O24S2/c1-9-52(6)75-92(168)140-68(47-147)87(163)128-53(7)77(153)139-67(46-73(150)151)93(169)145-42-19-29-72(145)90(166)143-74(51(4)5)91(167)141-69(88(164)136-63(26-16-40-126-101(116)117)83(159)134-61(24-14-38-124-99(112)113)81(157)132-59(22-12-36-122-97(108)109)79(155)130-57(76(103)152)20-10-34-120-95(104)105)48-171-172-49-70(94(170)146-43-18-28-71(146)89(165)138-65(44-50(2)3)85(161)137-66(86(162)144-75)45-55-30-32-56(149)33-31-55)142-84(160)64(27-17-41-127-102(118)119)135-82(158)62(25-15-39-125-100(114)115)133-80(156)60(23-13-37-123-98(110)111)131-78(154)58(129-54(8)148)21-11-35-121-96(106)107/h30-33,50-53,57-72,74-75,147,149H,9-29,34-49H2,1-8H3,(H2,103,152)(H,128,163)(H,129,148)(H,130,155)(H,131,154)(H,132,157)(H,133,156)(H,134,159)(H,135,158)(H,136,164)(H,137,161)(H,138,165)(H,139,153)(H,140,168)(H,141,167)(H,142,160)(H,143,166)(H,144,162)(H,150,151)(H4,104,105,120)(H4,106,107,121)(H4,108,109,122)(H4,110,111,123)(H4,112,113,124)(H4,114,115,125)(H4,116,117,126)(H4,118,119,127)/t52-,53-,57-,58-,59-,60-,61-,62-,63-,64-,65-,66-,67-,68-,69-,70-,71-,72-,74-,75-/m0/s1","RGBQFTSMWSUNRP-NLCBULRISA-N","CC[C@H](C)[C@@H]1NC(=O)[C@H](Cc2ccc(O)cc2)NC(=O)[C@H](CC(C)C)NC(=O)[C@@H]2CCCN2C(=O)[C@@H](NC(=O)[C@H](CCCNC(=N)N)NC(=O)[C@H](CCCNC(=N)N)NC(=O)[C@H](CCCNC(=N)N)NC(=O)[C@H](CCCNC(=N)N)NC(C)=O)CSSC[C@@H](C(=O)N[C@@H](CCCNC(=N)N)C(=O)N[C@@H](CCCNC(=N)N)C(=O)N[C@@H](CCCNC(=N)N)C(=O)N[C@@H](CCCNC(=N)N)C(N)=O)NC(=O)[C@H](C(C)C)NC(=O)[C@@H]2CCCN2C(=O)[C@H](CC(=O)O)NC(=O)[C@H](C)NC(=O)[C@H](CO)NC1=O","Active"
"P01116","GTPase KRas","IC50","CHEMBL4081818","InChI=1S/C108H182N44O24S2/c1-9-56(6)81-98(174)134-57(7)83(159)143-72(49-59-30-34-61(154)35-31-59)92(168)146-74(51-79(156)157)99(175)151-46-19-29-78(151)96(172)149-80(55(4)5)97(173)147-75(94(170)142-69(26-16-44-132-107(122)123)89(165)140-67(24-14-42-130-105(118)119)87(163)138-65(22-12-40-128-103(114)115)85(161)136-63(82(109)158)20-10-38-126-101(110)111)52-177-178-53-76(100(176)152-47-18-28-77(152)95(171)145-71(48-54(2)3)91(167)144-73(93(169)150-81)50-60-32-36-62(155)37-33-60)148-90(166)70(27-17-45-133-108(124)125)141-88(164)68(25-15-43-131-106(120)121)139-86(162)66(23-13-41-129-104(116)117)137-84(160)64(135-58(8)153)21-11-39-127-102(112)113/h30-37,54-57,63-78,80-81,154-155H,9-29,38-53H2,1-8H3,(H2,109,158)(H,134,174)(H,135,153)(H,136,161)(H,137,160)(H,138,163)(H,139,162)(H,140,165)(H,141,164)(H,142,170)(H,143,159)(H,144,167)(H,145,171)(H,146,168)(H,147,173)(H,148,166)(H,149,172)(H,150,169)(H,156,157)(H4,110,111,126)(H4,112,113,127)(H4,114,115,128)(H4,116,117,129)(H4,118,119,130)(H4,120,121,131)(H4,122,123,132)(H4,124,125,133)/t56-,57-,63-,64-,65-,66-,67-,68-,69-,70-,71-,72-,73-,74-,75-,76-,77-,78-,80-,81-/m0/s1","XGGKXZLMFNTAIQ-DOBVYHFCSA-N","CC[C@H](C)[C@@H]1NC(=O)[C@H](Cc2ccc(O)cc2)NC(=O)[C@H](CC(C)C)NC(=O)[C@@H]2CCCN2C(=O)[C@@H](NC(=O)[C@H](CCCNC(=N)N)NC(=O)[C@H](CCCNC(=N)N)NC(=O)[C@H](CCCNC(=N)N)NC(=O)[C@H](CCCNC(=N)N)NC(C)=O)CSSC[C@@H](C(=O)N[C@@H](CCCNC(=N)N)C(=O)N[C@@H](CCCNC(=N)N)C(=O)N[C@@H](CCCNC(=N)N)C(=O)N[C@@H](CCCNC(=N)N)C(N)=O)NC(=O)[C@H](C(C)C)NC(=O)[C@@H]2CCCN2C(=O)[C@H](CC(=O)O)NC(=O)[C@H](Cc2ccc(O)cc2)NC(=O)[C@H](C)NC1=O","Active"
"P01116","GTPase KRas","IC50","CHEMBL4072295","InChI=1S/C108H182N44O25S2/c1-8-56(6)81-98(175)146-74(51-153)93(170)143-71(48-58-29-33-60(155)34-30-58)91(168)145-73(50-79(157)158)99(176)151-45-18-28-78(151)96(173)149-80(55(4)5)97(174)147-75(94(171)141-68(25-15-43-132-107(122)123)88(165)139-66(23-13-41-130-105(118)119)86(163)137-64(21-11-39-128-103(114)115)84(161)135-62(82(109)159)19-9-37-126-101(110)111)52-178-179-53-76(100(177)152-46-17-27-77(152)95(172)144-70(47-54(2)3)90(167)142-72(92(169)150-81)49-59-31-35-61(156)36-32-59)148-89(166)69(26-16-44-133-108(124)125)140-87(164)67(24-14-42-131-106(120)121)138-85(162)65(22-12-40-129-104(116)117)136-83(160)63(134-57(7)154)20-10-38-127-102(112)113/h29-36,54-56,62-78,80-81,153,155-156H,8-28,37-53H2,1-7H3,(H2,109,159)(H,134,154)(H,135,161)(H,136,160)(H,137,163)(H,138,162)(H,139,165)(H,140,164)(H,141,171)(H,142,167)(H,143,170)(H,144,172)(H,145,168)(H,146,175)(H,147,174)(H,148,166)(H,149,173)(H,150,169)(H,157,158)(H4,110,111,126)(H4,112,113,127)(H4,114,115,128)(H4,116,117,129)(H4,118,119,130)(H4,120,121,131)(H4,122,123,132)(H4,124,125,133)/t56-,62-,63-,64-,65-,66-,67-,68-,69-,70-,71-,72-,73-,74-,75-,76-,77-,78-,80-,81-/m0/s1","SVUZBYDIXUMDGY-WVEXBLHFSA-N","CC[C@H](C)[C@@H]1NC(=O)[C@H](Cc2ccc(O)cc2)NC(=O)[C@H](CC(C)C)NC(=O)[C@@H]2CCCN2C(=O)[C@@H](NC(=O)[C@H](CCCNC(=N)N)NC(=O)[C@H](CCCNC(=N)N)NC(=O)[C@H](CCCNC(=N)N)NC(=O)[C@H](CCCNC(=N)N)NC(C)=O)CSSC[C@@H](C(=O)N[C@@H](CCCNC(=N)N)C(=O)N[C@@H](CCCNC(=N)N)C(=O)N[C@@H](CCCNC(=N)N)C(=O)N[C@@H](CCCNC(=N)N)C(N)=O)NC(=O)[C@H](C(C)C)NC(=O)[C@@H]2CCCN2C(=O)[C@H](CC(=O)O)NC(=O)[C@H](Cc2ccc(O)cc2)NC(=O)[C@H](CO)NC1=O","Active"
"P01116","GTPase KRas","IC50","CHEMBL4083770","InChI=1S/C106H180N44O25S2/c1-9-54(6)79-97(174)145-73(49-151)93(170)142-70(46-57-28-32-59(153)33-29-57)91(168)143-72(48-77(155)156)89(166)132-55(7)81(158)148-78(53(4)5)96(173)146-74(94(171)140-67(25-16-42-130-105(120)121)87(164)138-65(23-14-40-128-103(116)117)85(162)136-63(21-12-38-126-101(112)113)83(160)134-61(80(107)157)19-10-36-124-99(108)109)50-176-177-51-75(98(175)150-44-18-27-76(150)95(172)144-69(45-52(2)3)90(167)141-71(92(169)149-79)47-58-30-34-60(154)35-31-58)147-88(165)68(26-17-43-131-106(122)123)139-86(163)66(24-15-41-129-104(118)119)137-84(161)64(22-13-39-127-102(114)115)135-82(159)62(133-56(8)152)20-11-37-125-100(110)111/h28-35,52-55,61-76,78-79,151,153-154H,9-27,36-51H2,1-8H3,(H2,107,157)(H,132,166)(H,133,152)(H,134,160)(H,135,159)(H,136,162)(H,137,161)(H,138,164)(H,139,163)(H,140,171)(H,141,167)(H,142,170)(H,143,168)(H,144,172)(H,145,174)(H,146,173)(H,147,165)(H,148,158)(H,149,169)(H,155,156)(H4,108,109,124)(H4,110,111,125)(H4,112,113,126)(H4,114,115,127)(H4,116,117,128)(H4,118,119,129)(H4,120,121,130)(H4,122,123,131)/t54-,55-,61-,62-,63-,64-,65-,66-,67-,68-,69-,70-,71-,72-,73-,74-,75-,76-,78-,79-/m0/s1","QDZGFDPPYKKFMB-DWYUSWDISA-N","CC[C@H](C)[C@@H]1NC(=O)[C@H](Cc2ccc(O)cc2)NC(=O)[C@H](CC(C)C)NC(=O)[C@@H]2CCCN2C(=O)[C@@H](NC(=O)[C@H](CCCNC(=N)N)NC(=O)[C@H](CCCNC(=N)N)NC(=O)[C@H](CCCNC(=N)N)NC(=O)[C@H](CCCNC(=N)N)NC(C)=O)CSSC[C@@H](C(=O)N[C@@H](CCCNC(=N)N)C(=O)N[C@@H](CCCNC(=N)N)C(=O)N[C@@H](CCCNC(=N)N)C(=O)N[C@@H](CCCNC(=N)N)C(N)=O)NC(=O)[C@H](C(C)C)NC(=O)[C@H](C)NC(=O)[C@H](CC(=O)O)NC(=O)[C@H](Cc2ccc(O)cc2)NC(=O)[C@H](CO)NC1=O","Active"
"P01116","GTPase KRas","IC50","CHEMBL4070657","InChI=1S/C106H178N44O25S2/c1-7-54(4)79-96(173)145-73(50-151)92(169)142-70(47-57-28-32-59(153)33-29-57)90(167)144-72(49-78(155)156)97(174)149-44-16-26-76(149)94(171)132-55(5)81(158)146-74(93(170)140-67(24-14-42-130-105(120)121)87(164)138-65(22-12-40-128-103(116)117)85(162)136-63(20-10-38-126-101(112)113)83(160)134-61(80(107)157)18-8-36-124-99(108)109)51-176-177-52-75(98(175)150-45-17-27-77(150)95(172)143-69(46-53(2)3)89(166)141-71(91(168)148-79)48-58-30-34-60(154)35-31-58)147-88(165)68(25-15-43-131-106(122)123)139-86(163)66(23-13-41-129-104(118)119)137-84(161)64(21-11-39-127-102(114)115)135-82(159)62(133-56(6)152)19-9-37-125-100(110)111/h28-35,53-55,61-77,79,151,153-154H,7-27,36-52H2,1-6H3,(H2,107,157)(H,132,171)(H,133,152)(H,134,160)(H,135,159)(H,136,162)(H,137,161)(H,138,164)(H,139,163)(H,140,170)(H,141,166)(H,142,169)(H,143,172)(H,144,167)(H,145,173)(H,146,158)(H,147,165)(H,148,168)(H,155,156)(H4,108,109,124)(H4,110,111,125)(H4,112,113,126)(H4,114,115,127)(H4,116,117,128)(H4,118,119,129)(H4,120,121,130)(H4,122,123,131)/t54-,55-,61-,62-,63-,64-,65-,66-,67-,68-,69-,70-,71-,72-,73-,74-,75-,76-,77-,79-/m0/s1","YYWLOBAEEQJZPB-DQGKMOIXSA-N","CC[C@H](C)[C@@H]1NC(=O)[C@H](Cc2ccc(O)cc2)NC(=O)[C@H](CC(C)C)NC(=O)[C@@H]2CCCN2C(=O)[C@@H](NC(=O)[C@H](CCCNC(=N)N)NC(=O)[C@H](CCCNC(=N)N)NC(=O)[C@H](CCCNC(=N)N)NC(=O)[C@H](CCCNC(=N)N)NC(C)=O)CSSC[C@@H](C(=O)N[C@@H](CCCNC(=N)N)C(=O)N[C@@H](CCCNC(=N)N)C(=O)N[C@@H](CCCNC(=N)N)C(=O)N[C@@H](CCCNC(=N)N)C(N)=O)NC(=O)[C@H](C)NC(=O)[C@@H]2CCCN2C(=O)[C@H](CC(=O)O)NC(=O)[C@H](Cc2ccc(O)cc2)NC(=O)[C@H](CO)NC1=O","Active"
"P01116","GTPase KRas","IC50","CHEMBL4100766","InChI=1S/C60H86N12O17S2/c1-8-32(6)49-58(87)67-42(27-73)54(83)64-39(24-34-13-17-36(75)18-14-34)52(81)66-41(26-47(77)78)59(88)71-21-10-12-46(71)56(85)69-48(31(4)5)57(86)68-43(50(61)79)28-90-91-29-44(62-33(7)74)60(89)72-22-9-11-45(72)55(84)65-38(23-30(2)3)51(80)63-40(53(82)70-49)25-35-15-19-37(76)20-16-35/h13-20,30-32,38-46,48-49,73,75-76H,8-12,21-29H2,1-7H3,(H2,61,79)(H,62,74)(H,63,80)(H,64,83)(H,65,84)(H,66,81)(H,67,87)(H,68,86)(H,69,85)(H,70,82)(H,77,78)/t32-,38-,39-,40-,41-,42-,43-,44-,45-,46-,48-,49-/m0/s1","BFXKHTGHFWBLCF-LUWOMMDUSA-N","CC[C@H](C)[C@@H]1NC(=O)[C@H](Cc2ccc(O)cc2)NC(=O)[C@H](CC(C)C)NC(=O)[C@@H]2CCCN2C(=O)[C@@H](NC(C)=O)CSSC[C@@H](C(N)=O)NC(=O)[C@H](C(C)C)NC(=O)[C@@H]2CCCN2C(=O)[C@H](CC(=O)O)NC(=O)[C@H](Cc2ccc(O)cc2)NC(=O)[C@H](CO)NC1=O","Active"
"P01116","GTPase KRas","IC50","CHEMBL4075048","InChI=1S/C106H180N44O25S2/c1-9-54(6)79-97(174)145-73(49-151)92(169)143-70(46-57-28-32-59(153)33-29-57)90(167)144-72(48-77(155)156)98(175)150-44-18-27-76(150)95(172)148-78(53(4)5)96(173)147-75(94(171)140-67(25-16-42-130-105(120)121)87(164)138-65(23-14-40-128-103(116)117)85(162)136-63(21-12-38-126-101(112)113)83(160)134-61(80(107)157)19-10-36-124-99(108)109)51-177-176-50-74(93(170)132-55(7)81(158)141-69(45-52(2)3)89(166)142-71(91(168)149-79)47-58-30-34-60(154)35-31-58)146-88(165)68(26-17-43-131-106(122)123)139-86(163)66(24-15-41-129-104(118)119)137-84(161)64(22-13-39-127-102(114)115)135-82(159)62(133-56(8)152)20-11-37-125-100(110)111/h28-35,52-55,61-76,78-79,151,153-154H,9-27,36-51H2,1-8H3,(H2,107,157)(H,132,170)(H,133,152)(H,134,160)(H,135,159)(H,136,162)(H,137,161)(H,138,164)(H,139,163)(H,140,171)(H,141,158)(H,142,166)(H,143,169)(H,144,167)(H,145,174)(H,146,165)(H,147,173)(H,148,172)(H,149,168)(H,155,156)(H4,108,109,124)(H4,110,111,125)(H4,112,113,126)(H4,114,115,127)(H4,116,117,128)(H4,118,119,129)(H4,120,121,130)(H4,122,123,131)/t54-,55-,61-,62-,63-,64-,65-,66-,67-,68-,69-,70-,71-,72-,73-,74-,75-,76-,78-,79-/m0/s1","ZJERQNYSUCZBJD-DWYUSWDISA-N","CC[C@H](C)[C@@H]1NC(=O)[C@H](Cc2ccc(O)cc2)NC(=O)[C@H](CC(C)C)NC(=O)[C@H](C)NC(=O)[C@@H](NC(=O)[C@H](CCCNC(=N)N)NC(=O)[C@H](CCCNC(=N)N)NC(=O)[C@H](CCCNC(=N)N)NC(=O)[C@H](CCCNC(=N)N)NC(C)=O)CSSC[C@@H](C(=O)N[C@@H](CCCNC(=N)N)C(=O)N[C@@H](CCCNC(=N)N)C(=O)N[C@@H](CCCNC(=N)N)C(=O)N[C@@H](CCCNC(=N)N)C(N)=O)NC(=O)[C@H](C(C)C)NC(=O)[C@@H]2CCCN2C(=O)[C@H](CC(=O)O)NC(=O)[C@H](Cc2ccc(O)cc2)NC(=O)[C@H](CO)NC1=O","Active"
"P01116","GTPase KRas","IC50","CHEMBL3577116","InChI=1S/C25H32FN5O2/c1-7-31-21-13-22(27-6)29-14-16(21)11-18(23(31)32)17-12-20(19(26)10-15(17)2)30-24(33)28-9-8-25(3,4)5/h10-14H,7-9H2,1-6H3,(H,27,29)(H2,28,30,33)","RWHKUOWZHDGYHC-UHFFFAOYSA-N","CCn1c(=O)c(-c2cc(NC(=O)NCCC(C)(C)C)c(F)cc2C)cc2cnc(NC)cc21","Active"
"P01116","GTPase KRas","IC50","CHEMBL3577115","InChI=1S/C25H27FN6O3/c1-6-32-19-11-21(27-5)28-13-15(19)9-16(23(32)33)14-7-8-17(26)18(10-14)29-24(34)30-22-12-20(31-35-22)25(2,3)4/h7-13H,6H2,1-5H3,(H,27,28)(H2,29,30,34)","BWWSAKOFIQJSSK-UHFFFAOYSA-N","CCn1c(=O)c(-c2ccc(F)c(NC(=O)Nc3cc(C(C)(C)C)no3)c2)cc2cnc(NC)cc21","Active"
"P01116","GTPase KRas","IC50","CHEMBL4640636","InChI=1S/C33H37ClFN7O2/c1-39-16-5-8-25(39)22-44-33-37-28-21-40(29-10-3-7-23-6-2-9-27(34)31(23)29)17-13-26(28)32(38-33)41-18-19-42(24(20-41)12-15-36)30(43)11-4-14-35/h2-4,6-7,9-11,24-25H,5,8,12-14,16-22H2,1H3/b11-4+/t24-,25-/m0/s1","VPHPKUGYFLPAGE-AZJXSEBJSA-N","CN1CCC[C@H]1COc1nc2c(c(N3CCN(C(=O)/C=C/CF)[C@@H](CC#N)C3)n1)CCN(c1cccc3cccc(Cl)c13)C2","Active"
"P01116","GTPase KRas","IC50","CHEMBL3577114","InChI=1S/C27H29FN6O4/c1-27(2,3)22-12-24(38-33-22)32-26(36)31-20-10-15(5-6-19(20)28)18-9-16-13-30-23(29-4)11-21(16)34(25(18)35)17-7-8-37-14-17/h5-6,9-13,17H,7-8,14H2,1-4H3,(H,29,30)(H2,31,32,36)/t17-/m0/s1","BIYLXMSIYSWZMT-KRWDZBQOSA-N","CNc1cc2c(cn1)cc(-c1ccc(F)c(NC(=O)Nc3cc(C(C)(C)C)no3)c1)c(=O)n2[C@H]1CCOC1","Active"
"P01116","GTPase KRas","IC50","CHEMBL3577121","InChI=1S/C24H30FN5O/c1-14-9-19(25)21(30-23(31)27-8-7-24(3,4)5)11-17(14)18-10-16-13-28-22(26-6)12-20(16)29-15(18)2/h9-13H,7-8H2,1-6H3,(H,26,28)(H2,27,30,31)","KKEKAJKLZLESSB-UHFFFAOYSA-N","CNc1cc2nc(C)c(-c3cc(NC(=O)NCCC(C)(C)C)c(F)cc3C)cc2cn1","Active"
"P01116","GTPase KRas","IC50","CHEMBL3577118","InChI=1S/C24H31N5O/c1-15-7-8-18(29-23(30)26-10-9-24(3,4)5)12-19(15)20-11-17-14-27-22(25-6)13-21(17)28-16(20)2/h7-8,11-14H,9-10H2,1-6H3,(H,25,27)(H2,26,29,30)","WLXZGXQZOPTKEN-UHFFFAOYSA-N","CNc1cc2nc(C)c(-c3cc(NC(=O)NCCC(C)(C)C)ccc3C)cc2cn1","Active"
"P01116","GTPase KRas","IC50","CHEMBL3577117","InChI=1S/C24H30FN5O2/c1-13-7-18(25)20(30-23(32)28-12-21(31)24(3,4)5)9-16(13)17-8-15-11-27-22(26-6)10-19(15)29-14(17)2/h7-11,21,31H,12H2,1-6H3,(H,26,27)(H2,28,30,32)/t21-/m1/s1","YBTZROQGXQXJCA-OAQYLSRUSA-N","CNc1cc2nc(C)c(-c3cc(NC(=O)NC[C@@H](O)C(C)(C)C)c(F)cc3C)cc2cn1","Active"
"P01116","GTPase KRas","IC50","CHEMBL3577120","InChI=1S/C23H28FN5O/c1-14-17(10-16-13-27-21(25-5)12-19(16)28-14)15-6-7-18(24)20(11-15)29-22(30)26-9-8-23(2,3)4/h6-7,10-13H,8-9H2,1-5H3,(H,25,27)(H2,26,29,30)","MIKNQZDKGNLBRE-UHFFFAOYSA-N","CNc1cc2nc(C)c(-c3ccc(F)c(NC(=O)NCCC(C)(C)C)c3)cc2cn1","Active"
"P01116","GTPase KRas","IC50","CHEMBL3577124","InChI=1S/C23H29FN6O/c1-13-9-18(24)19(29-22(31)26-8-7-23(3,4)5)11-16(13)17-10-15-12-27-21(25-6)30-20(15)28-14(17)2/h9-12H,7-8H2,1-6H3,(H2,26,29,31)(H,25,27,28,30)","HHCBMISMPSAZBF-UHFFFAOYSA-N","CNc1ncc2cc(-c3cc(NC(=O)NCCC(C)(C)C)c(F)cc3C)c(C)nc2n1","Active"
"P01116","GTPase KRas","IC50","CHEMBL3577123","InChI=1S/C22H27FN6O/c1-13-8-17(23)18(28-21(30)25-7-6-22(2,3)4)10-16(13)14-9-15-12-27-20(24-5)29-19(15)26-11-14/h8-12H,6-7H2,1-5H3,(H2,25,28,30)(H,24,26,27,29)","JZBKPHTXKRZFGY-UHFFFAOYSA-N","CNc1ncc2cc(-c3cc(NC(=O)NCCC(C)(C)C)c(F)cc3C)cnc2n1","Active"
"P01116","GTPase KRas","IC50","CHEMBL3577119","InChI=1S/C22H27FN6O/c1-13-16(10-15-12-26-20(24-5)29-19(15)27-13)14-6-7-17(23)18(11-14)28-21(30)25-9-8-22(2,3)4/h6-7,10-12H,8-9H2,1-5H3,(H2,25,28,30)(H,24,26,27,29)","MWMSJCLJVPGLKV-UHFFFAOYSA-N","CNc1ncc2cc(-c3ccc(F)c(NC(=O)NCCC(C)(C)C)c3)c(C)nc2n1","Active"
"P01116","GTPase KRas","IC50","CHEMBL4645376","InChI=1S/C34H40ClN7O3/c1-39-16-5-9-26(39)23-45-34-37-29-22-40(30-11-4-8-24-7-3-10-28(35)32(24)30)17-14-27(29)33(38-34)41-18-19-42(25(21-41)13-15-36)31(43)12-6-20-44-2/h3-4,6-8,10-12,25-26H,5,9,13-14,16-23H2,1-2H3/b12-6+/t25-,26-/m0/s1","MVFNWTXBVIDVFN-VHNSWPBLSA-N","COC/C=C/C(=O)N1CCN(c2nc(OC[C@@H]3CCCN3C)nc3c2CCN(c2cccc4cccc(Cl)c24)C3)C[C@@H]1CC#N","Active"
"P01116","GTPase KRas","IC50","CHEMBL4750445","InChI=1S/C31H28N6O2/c1-36-16-21(33-18-36)17-37-11-10-20-7-6-19(12-28(20)37)14-32-15-27-29(24-4-2-3-5-26(24)34-27)30-25-13-22(38)8-9-23(25)31(39)35-30/h2-13,16,18,30,32,34,38H,14-15,17H2,1H3,(H,35,39)/t30-/m0/s1","JYEQLXOWWLNVDX-PMERELPUSA-N","Cn1cnc(Cn2ccc3ccc(CNCc4[nH]c5ccccc5c4[C@H]4NC(=O)c5ccc(O)cc54)cc32)c1","Active"
"P01116","GTPase KRas","Ki","CHEMBL3932440","InChI=1S/C16H23ClF2N6O11P2/c17-4-8(26)21-2-1-3-34-37(30,31)16(18,19)38(32,33)35-5-7-10(27)11(28)14(36-7)25-6-22-9-12(25)23-15(20)24-13(9)29/h6-7,10-11,14,27-28H,1-5H2,(H,21,26)(H,30,31)(H,32,33)(H3,20,23,24,29)/t7-,10-,11-,14-/m1/s1","AZFJASMBZUATSI-FRJWGUMJSA-N","Nc1nc2c(ncn2[C@@H]2O[C@H](COP(=O)(O)C(F)(F)P(=O)(O)OCCCNC(=O)CCl)[C@@H](O)[C@H]2O)c(=O)[nH]1","Active"
"P01116","GTPase KRas","Ki","CHEMBL3935647","InChI=1S/C15H21ClF2N6O11P2/c16-3-7(25)20-1-2-33-36(29,30)15(17,18)37(31,32)34-4-6-9(26)10(27)13(35-6)24-5-21-8-11(24)22-14(19)23-12(8)28/h5-6,9-10,13,26-27H,1-4H2,(H,20,25)(H,29,30)(H,31,32)(H3,19,22,23,28)/t6-,9-,10-,13-/m1/s1","USGHGXUEJRLJBM-ZRFIDHNTSA-N","Nc1nc2c(ncn2[C@@H]2O[C@H](COP(=O)(O)C(F)(F)P(=O)(O)OCCNC(=O)CCl)[C@@H](O)[C@H]2O)c(=O)[nH]1","Active"
"P01116","GTPase KRas","Ki","CHEMBL3897666","InChI=1S/C17H25ClN6O11P2/c18-3-10(25)23-2-1-8(4-23)35-37(31,32)7-36(29,30)33-5-9-12(26)13(27)16(34-9)24-6-20-11-14(24)21-17(19)22-15(11)28/h6,8-9,12-13,16,26-27H,1-5,7H2,(H,29,30)(H,31,32)(H3,19,21,22,28)/t8?,9-,12-,13-,16-/m1/s1","LJTMPXPZQSNWRF-WTBWQYLWSA-N","Nc1nc2c(ncn2[C@@H]2O[C@H](COP(=O)(O)CP(=O)(O)OC3CCN(C(=O)CCl)C3)[C@@H](O)[C@H]2O)c(=O)[nH]1","Active"
"P01116","GTPase KRas","Ki","CHEMBL3904433","InChI=1S/C16H25ClN6O11P2/c17-4-9(24)19-2-1-3-32-35(28,29)7-36(30,31)33-5-8-11(25)12(26)15(34-8)23-6-20-10-13(23)21-16(18)22-14(10)27/h6,8,11-12,15,25-26H,1-5,7H2,(H,19,24)(H,28,29)(H,30,31)(H3,18,21,22,27)/t8-,11-,12-,15-/m1/s1","UOWLHPKQZGPXSN-PMXXHBEXSA-N","Nc1nc2c(ncn2[C@@H]2O[C@H](COP(=O)(O)CP(=O)(O)OCCCNC(=O)CCl)[C@@H](O)[C@H]2O)c(=O)[nH]1","Active"
"P01116","GTPase KRas","Ki","CHEMBL3958857","InChI=1S/C14H21ClN6O12P2/c15-3-7(22)17-1-2-30-34(26,27)33-35(28,29)31-4-6-9(23)10(24)13(32-6)21-5-18-8-11(21)19-14(16)20-12(8)25/h5-6,9-10,13,23-24H,1-4H2,(H,17,22)(H,26,27)(H,28,29)(H3,16,19,20,25)/t6-,9-,10-,13-/m1/s1","LYRLHTRLCKSXIV-ZRFIDHNTSA-N","Nc1nc2c(ncn2[C@@H]2O[C@H](COP(=O)(O)OP(=O)(O)OCCNC(=O)CCl)[C@@H](O)[C@H]2O)c(=O)[nH]1","Active"
"P01116","GTPase KRas","IC50","CHEMBL4788500","InChI=1S/C33H28N4O2/c38-24-12-13-25-27(17-24)32(36-33(25)39)31-26-8-4-5-9-28(26)35-29(31)19-34-18-22-10-11-23-14-15-37(30(23)16-22)20-21-6-2-1-3-7-21/h1-17,32,34-35,38H,18-20H2,(H,36,39)/t32-/m0/s1","ODHMZVFKZVCZOB-YTTGMZPUSA-N","O=C1N[C@H](c2c(CNCc3ccc4ccn(Cc5ccccc5)c4c3)[nH]c3ccccc23)c2cc(O)ccc21","Active"
"P01116","GTPase KRas","IC50","CHEMBL4455193","InChI=1S/C24H23BrN4O3/c1-2-23(31)29-12-18(13-29)27-22(30)15-28-14-20(19-10-17(25)8-9-21(19)28)24(32)26-11-16-6-4-3-5-7-16/h2-10,14,18H,1,11-13,15H2,(H,26,32)(H,27,30)","UYUICJLVPDAAOJ-UHFFFAOYSA-N","C=CC(=O)N1CC(NC(=O)Cn2cc(C(=O)NCc3ccccc3)c3cc(Br)ccc32)C1","Inactive"
"P01116","GTPase KRas","IC50","CHEMBL4525691","InChI=1S/C16H16BrN3O2/c1-2-16(22)20-8-13(9-20)18-15(21)10-19-6-5-11-7-12(17)3-4-14(11)19/h2-7,13H,1,8-10H2,(H,18,21)","FVMDREQVDDOLKK-UHFFFAOYSA-N","C=CC(=O)N1CC(NC(=O)Cn2ccc3cc(Br)ccc32)C1","Inactive"
"P01116","GTPase KRas","IC50","CHEMBL4549643","InChI=1S/C22H25N7O/c1-3-20(30)27-8-10-28(11-9-27)22-16-6-7-29(13-19(16)23-14-24-22)21-15(2)4-5-18-17(21)12-25-26-18/h3-5,12,14H,1,6-11,13H2,2H3,(H,25,26)","YPUTZWWHKAMVGK-UHFFFAOYSA-N","C=CC(=O)N1CCN(c2ncnc3c2CCN(c2c(C)ccc4[nH]ncc24)C3)CC1","Inactive"
"P01116","GTPase KRas","IC50","CHEMBL4453071","InChI=1S/C20H22FN5O2/c1-2-18(28)24-8-10-25(11-9-24)20-14-6-7-26(12-16(14)22-13-23-20)19-15(21)4-3-5-17(19)27/h2-5,13,27H,1,6-12H2","QQDZUWAWAYTSOU-UHFFFAOYSA-N","C=CC(=O)N1CCN(c2ncnc3c2CCN(c2c(O)cccc2F)C3)CC1","Inactive"
"P01116","GTPase KRas","IC50","CHEMBL4453012","InChI=1S/C20H22FN5O2/c1-2-19(28)24-7-9-25(10-8-24)20-15-5-6-26(12-17(15)22-13-23-20)18-11-14(27)3-4-16(18)21/h2-4,11,13,27H,1,5-10,12H2","WFASLRWLASJHCY-UHFFFAOYSA-N","C=CC(=O)N1CCN(c2ncnc3c2CCN(c2cc(O)ccc2F)C3)CC1","Inactive"
"P01116","GTPase KRas","IC50","CHEMBL4540074","InChI=1S/C24H25N5O2/c1-2-23(31)27-10-12-28(13-11-27)24-19-8-9-29(15-21(19)25-16-26-24)22-5-3-4-17-6-7-18(30)14-20(17)22/h2-7,14,16,30H,1,8-13,15H2","OXCJEOQZAFLZFZ-UHFFFAOYSA-N","C=CC(=O)N1CCN(c2ncnc3c2CCN(c2cccc4ccc(O)cc24)C3)CC1","Inactive"
"P01116","GTPase KRas","IC50","CHEMBL4466927","InChI=1S/C24H25N5O/c1-2-23(30)27-12-14-28(15-13-27)24-20-10-11-29(16-21(20)25-17-26-24)22-9-5-7-18-6-3-4-8-19(18)22/h2-9,17H,1,10-16H2","KJGJYCRTUNZPRN-UHFFFAOYSA-N","C=CC(=O)N1CCN(c2ncnc3c2CCN(c2cccc4ccccc24)C3)CC1","Inactive"
"P01116","GTPase KRas","IC50","CHEMBL4460786","InChI=1S/C27H22ClFN4O2/c1-2-24(35)32-11-13-33(14-12-32)27-19-16-21(28)20(25-22(29)9-6-10-23(25)34)15-18(19)26(30-31-27)17-7-4-3-5-8-17/h2-10,15-16,34H,1,11-14H2","SNJZDRXIGDSRER-UHFFFAOYSA-N","C=CC(=O)N1CCN(c2nnc(-c3ccccc3)c3cc(-c4c(O)cccc4F)c(Cl)cc23)CC1","Inactive"
"P01116","GTPase KRas","EC50","CHEMBL4795772","InChI=1S/C25H44ClN7O13P2/c1-4-6-15(7-5-2)11-42-24(38)14(3)32-47(39,43-9-8-28-17(34)10-26)46-48(40,41)44-12-16-19(35)20(36)23(45-16)33-13-29-18-21(33)30-25(27)31-22(18)37/h13-16,18-21,23,35-36H,4-12H2,1-3H3,(H,28,34)(H,32,39)(H,40,41)(H3,27,30,31,37)/t14-,16-,18?,19-,20-,21?,23-,47?/m1/s1","YBFPTJSWTBXIAC-SCTKASNYSA-N","CCCC(CCC)COC(=O)[C@@H](C)NP(=O)(OCCNC(=O)CCl)OP(=O)(O)OC[C@H]1O[C@@H](N2C=NC3C(=O)NC(N)=NC32)[C@H](O)[C@@H]1O","Inactive"
"P01116","GTPase KRas","IC50","CHEMBL1229517","InChI=1S/C23H18ClF2N3O3S/c1-2-9-33(31,32)29-19-8-7-18(25)20(21(19)26)22(30)17-12-28-23-16(17)10-14(11-27-23)13-3-5-15(24)6-4-13/h3-8,10-12,29H,2,9H2,1H3,(H,27,28)","GPXBXXGIAQBQNI-UHFFFAOYSA-N","CCCS(=O)(=O)Nc1ccc(F)c(C(=O)c2c[nH]c3ncc(-c4ccc(Cl)cc4)cc23)c1F","Inactive"
"P01116","GTPase KRas","IC50","CHEMBL4796065","InChI=1S/C19H19N3O2/c1-22(2)10-16-17(13-5-3-4-6-15(13)20-16)18-14-9-11(23)7-8-12(14)19(24)21-18/h3-9,18,20,23H,10H2,1-2H3,(H,21,24)/t18-/m0/s1","MPCMVISHWIWVIQ-SFHVURJKSA-N","CN(C)Cc1[nH]c2ccccc2c1[C@H]1NC(=O)c2ccc(O)cc21","Inactive"
"P01116","GTPase KRas","Ki","CHEMBL3936077","InChI=1S/C18H27N5O12P2/c1-32-11(24)5-3-2-4-6-33-36(28,29)9-37(30,31)34-7-10-13(25)14(26)17(35-10)23-8-20-12-15(23)21-18(19)22-16(12)27/h3,5,8,10,13-14,17,25-26H,2,4,6-7,9H2,1H3,(H,28,29)(H,30,31)(H3,19,21,22,27)/b5-3+/t10-,13-,14-,17-/m1/s1","RICQAAIVQFODTH-WKBZEZDXSA-N","COC(=O)/C=C/CCCOP(=O)(O)CP(=O)(O)OC[C@H]1O[C@@H](n2cnc3c(=O)[nH]c(N)nc32)[C@H](O)[C@@H]1O","Inactive"
"P01116","GTPase KRas","IC50","CHEMBL589993","InChI=1S/C18H17BrO4/c1-21-16-10-12(11-17(22-2)18(16)23-3)4-9-15(20)13-5-7-14(19)8-6-13/h4-11H,1-3H3/b9-4+","GHQYAKZDBZTTSS-RUDMXATFSA-N","COc1cc(/C=C/C(=O)c2ccc(Br)cc2)cc(OC)c1OC","Inactive"
"P01116","GTPase KRas","IC50","CHEMBL59026","InChI=1S/C18H17FO4/c1-21-16-10-12(11-17(22-2)18(16)23-3)4-9-15(20)13-5-7-14(19)8-6-13/h4-11H,1-3H3/b9-4+","WXPAWDMWSJYTRJ-RUDMXATFSA-N","COc1cc(/C=C/C(=O)c2ccc(F)cc2)cc(OC)c1OC","Inactive"
"P01116","GTPase KRas","IC50","CHEMBL3219765","InChI=1S/C17H17NO4/c1-20-15-10-12(11-16(21-2)17(15)22-3)7-8-14(19)13-6-4-5-9-18-13/h4-11H,1-3H3/b8-7+","BPHYOXFAYJPCCZ-BQYQJAHWSA-N","COc1cc(/C=C/C(=O)c2ccccn2)cc(OC)c1OC","Inactive"
"P01116","GTPase KRas","EC50","CHEMBL2396992","InChI=1S/C11H12Cl2N2/c1-6-8(2-3-14)11-9(13)4-7(12)5-10(11)15-6/h4-5,15H,2-3,14H2,1H3","JCTJISIFGZHOFY-UHFFFAOYSA-N","Cc1[nH]c2cc(Cl)cc(Cl)c2c1CCN","Inactive"
"P01116","GTPase KRas","Ki","CHEMBL3981450","InChI=1S/C19H23ClN8O7/c20-4-8(29)22-2-1-3-23-9-10(14(32)13(9)31)24-5-7-12(30)15(33)18(35-7)28-6-25-11-16(28)26-19(21)27-17(11)34/h6-7,12,15,18,23-24,30,33H,1-5H2,(H,22,29)(H3,21,26,27,34)/t7-,12-,15-,18-/m1/s1","CHVXHPDORJBIJL-BCBMOPGPSA-N","Nc1nc2c(ncn2[C@@H]2O[C@H](CNc3c(NCCCNC(=O)CCl)c(=O)c3=O)[C@@H](O)[C@H]2O)c(=O)[nH]1","Inactive"
"P01116","GTPase KRas","Ki","CHEMBL3913450","InChI=1S/C16H22ClN6O10P/c17-3-8(24)19-1-2-31-9(25)5-34(29,30)32-4-7-11(26)12(27)15(33-7)23-6-20-10-13(23)21-16(18)22-14(10)28/h6-7,11-12,15,26-27H,1-5H2,(H,19,24)(H,29,30)(H3,18,21,22,28)/t7-,11-,12-,15-/m1/s1","FSQXOWFZNRIQQP-UHEGPQQHSA-N","Nc1nc2c(ncn2[C@@H]2O[C@H](COP(=O)(O)CC(=O)OCCNC(=O)CCl)[C@@H](O)[C@H]2O)c(=O)[nH]1","Inactive"
"P01116","GTPase KRas","Ki","CHEMBL3965944","InChI=1S/C18H27ClN6O11P2/c19-4-11(26)22-8-1-2-9(3-8)36-38(32,33)7-37(30,31)34-5-10-13(27)14(28)17(35-10)25-6-21-12-15(25)23-18(20)24-16(12)29/h6,8-10,13-14,17,27-28H,1-5,7H2,(H,22,26)(H,30,31)(H,32,33)(H3,20,23,24,29)/t8-,9-,10-,13-,14-,17-/m1/s1","WAZVFDDOHLYQLU-XSSYDEOMSA-N","Nc1nc2c(ncn2[C@@H]2O[C@H](COP(=O)(O)CP(=O)(O)O[C@@H]3CC[C@@H](NC(=O)CCl)C3)[C@@H](O)[C@H]2O)c(=O)[nH]1","Inactive"
"P01116","GTPase KRas","Ki","CHEMBL3945018","InChI=1S/C18H27ClN6O11P2/c19-4-11(26)22-8-1-2-9(3-8)36-38(32,33)7-37(30,31)34-5-10-13(27)14(28)17(35-10)25-6-21-12-15(25)23-18(20)24-16(12)29/h6,8-10,13-14,17,27-28H,1-5,7H2,(H,22,26)(H,30,31)(H,32,33)(H3,20,23,24,29)/t8-,9+,10+,13+,14+,17+/m0/s1","WAZVFDDOHLYQLU-RKOWVKTPSA-N","Nc1nc2c(ncn2[C@@H]2O[C@H](COP(=O)(O)CP(=O)(O)O[C@@H]3CC[C@H](NC(=O)CCl)C3)[C@@H](O)[C@H]2O)c(=O)[nH]1","Inactive"
"P01116","GTPase KRas","IC50","CHEMBL4476113","InChI=1S/C22H29ClN4O3/c1-3-20(29)27-13-15(14-27)25-6-8-26(9-7-25)21(30)12-24-18-10-16(22(2)4-5-22)17(23)11-19(18)28/h3,10-11,15,24,28H,1,4-9,12-14H2,2H3","IPFOCHMOYUMURK-UHFFFAOYSA-N","C=CC(=O)N1CC(N2CCN(C(=O)CNc3cc(C4(C)CC4)c(Cl)cc3O)CC2)C1","Intermediate"
"P01116","GTPase KRas","IC50","CHEMBL4577812","InChI=1S/C25H24BrN3O4/c1-2-24(31)29-14-20(15-29)27-23(30)16-33-22-9-8-19(26)12-21(22)25(32)28-11-10-18(13-28)17-6-4-3-5-7-17/h2-10,12,20H,1,11,13-16H2,(H,27,30)","FFGUVJHQGPXURJ-UHFFFAOYSA-N","C=CC(=O)N1CC(NC(=O)COc2ccc(Br)cc2C(=O)N2CC=C(c3ccccc3)C2)C1","Intermediate"
"P01116","GTPase KRas","IC50","CHEMBL4522790","InChI=1S/C25H25BrN4O3/c1-3-24(32)30-13-19(14-30)27-23(31)16-29-15-21(20-11-18(26)9-10-22(20)29)25(33)28(2)12-17-7-5-4-6-8-17/h3-11,15,19H,1,12-14,16H2,2H3,(H,27,31)","AVLGQWHCPAUISH-UHFFFAOYSA-N","C=CC(=O)N1CC(NC(=O)Cn2cc(C(=O)N(C)Cc3ccccc3)c3cc(Br)ccc32)C1","Intermediate"
"P01116","GTPase KRas","IC50","CHEMBL4570206","InChI=1S/C26H24BrClN4O3/c1-2-25(34)32-12-18(13-32)29-24(33)15-31-14-21(20-10-17(27)6-7-23(20)31)26(35)30-9-8-19-16(11-30)4-3-5-22(19)28/h2-7,10,14,18H,1,8-9,11-13,15H2,(H,29,33)","DBKOPRBLFNGVKX-UHFFFAOYSA-N","C=CC(=O)N1CC(NC(=O)Cn2cc(C(=O)N3CCc4c(Cl)cccc4C3)c3cc(Br)ccc32)C1","Intermediate"
"P01116","GTPase KRas","IC50","CHEMBL4466759","InChI=1S/C26H24BrFN4O3/c1-2-25(34)32-12-18(13-32)29-24(33)15-31-14-21(20-10-17(27)6-7-23(20)31)26(35)30-9-8-19-16(11-30)4-3-5-22(19)28/h2-7,10,14,18H,1,8-9,11-13,15H2,(H,29,33)","YYNAVMPHBCXAST-UHFFFAOYSA-N","C=CC(=O)N1CC(NC(=O)Cn2cc(C(=O)N3CCc4c(F)cccc4C3)c3cc(Br)ccc32)C1","Intermediate"
"P01116","GTPase KRas","IC50","CHEMBL4435858","InChI=1S/C26H24BrClN4O3/c1-2-25(34)32-12-20(13-32)29-24(33)15-31-14-22(21-10-18(27)4-6-23(21)31)26(35)30-8-7-16-9-19(28)5-3-17(16)11-30/h2-6,9-10,14,20H,1,7-8,11-13,15H2,(H,29,33)","DOSXJWDLMAYNMV-UHFFFAOYSA-N","C=CC(=O)N1CC(NC(=O)Cn2cc(C(=O)N3CCc4cc(Cl)ccc4C3)c3cc(Br)ccc32)C1","Intermediate"
"P01116","GTPase KRas","IC50","CHEMBL4456127","InChI=1S/C26H24BrFN4O3/c1-2-25(34)32-12-20(13-32)29-24(33)15-31-14-22(21-10-18(27)4-6-23(21)31)26(35)30-8-7-16-9-19(28)5-3-17(16)11-30/h2-6,9-10,14,20H,1,7-8,11-13,15H2,(H,29,33)","SGFLLRQDMOQUFI-UHFFFAOYSA-N","C=CC(=O)N1CC(NC(=O)Cn2cc(C(=O)N3CCc4cc(F)ccc4C3)c3cc(Br)ccc32)C1","Intermediate"
"P01116","GTPase KRas","IC50","CHEMBL4476533","InChI=1S/C26H25BrN4O3/c1-2-25(33)31-13-20(14-31)28-24(32)16-30-15-22(21-11-19(27)7-8-23(21)30)26(34)29-10-9-17-5-3-4-6-18(17)12-29/h2-8,11,15,20H,1,9-10,12-14,16H2,(H,28,32)","XXLAUVPHGYKZNQ-UHFFFAOYSA-N","C=CC(=O)N1CC(NC(=O)Cn2cc(C(=O)N3CCc4ccccc4C3)c3cc(Br)ccc32)C1","Intermediate"
"P01116","GTPase KRas","IC50","CHEMBL4569400","InChI=1S/C25H25BrN4O3/c1-2-24(32)30-13-19(14-30)28-23(31)16-29-15-21(20-12-18(26)8-9-22(20)29)25(33)27-11-10-17-6-4-3-5-7-17/h2-9,12,15,19H,1,10-11,13-14,16H2,(H,27,33)(H,28,31)","QAXDYQOOCFBWTN-UHFFFAOYSA-N","C=CC(=O)N1CC(NC(=O)Cn2cc(C(=O)NCCc3ccccc3)c3cc(Br)ccc32)C1","Intermediate"
"P01116","GTPase KRas","IC50","CHEMBL4525173","InChI=1S/C29H36N6O3/c1-4-27(37)33-13-15-34(16-14-33)28-24-10-12-35(26-19-22(36)18-21-8-5-6-9-23(21)26)20-25(24)30-29(31-28)38-17-7-11-32(2)3/h4-6,8-9,18-19,36H,1,7,10-17,20H2,2-3H3","QPPKEDSKOLGNPO-UHFFFAOYSA-N","C=CC(=O)N1CCN(c2nc(OCCCN(C)C)nc3c2CCN(c2cc(O)cc4ccccc24)C3)CC1","Intermediate"
"P01116","GTPase KRas","IC50","CHEMBL4550990","InChI=1S/C28H34N6O3/c1-4-26(36)32-11-13-33(14-12-32)27-23-9-10-34(19-24(23)29-28(30-27)37-16-15-31(2)3)25-18-21(35)17-20-7-5-6-8-22(20)25/h4-8,17-18,35H,1,9-16,19H2,2-3H3","ZVUCUPXRODDVIK-UHFFFAOYSA-N","C=CC(=O)N1CCN(c2nc(OCCN(C)C)nc3c2CCN(c2cc(O)cc4ccccc24)C3)CC1","Intermediate"
"P01116","GTPase KRas","IC50","CHEMBL4642347","InChI=1S/C30H40N8O2/c1-5-27(39)36-13-15-37(16-14-36)29-23-10-12-38(28-22(20(2)3)8-9-25-24(28)17-31-34-25)18-26(23)32-30(33-29)40-19-21-7-6-11-35(21)4/h5,8-9,17,20-21H,1,6-7,10-16,18-19H2,2-4H3,(H,31,34)/t21-/m0/s1","PQYZPEBTMDDKNX-NRFANRHFSA-N","C=CC(=O)N1CCN(c2nc(OC[C@@H]3CCCN3C)nc3c2CCN(c2c(C(C)C)ccc4[nH]ncc24)C3)CC1","Intermediate"
"P01116","GTPase KRas","IC50","CHEMBL4637434","InChI=1S/C28H36N8O2/c1-4-25(37)34-12-14-35(15-13-34)27-21-9-11-36(26-19(2)7-8-23-22(26)16-29-32-23)17-24(21)30-28(31-27)38-18-20-6-5-10-33(20)3/h4,7-8,16,20H,1,5-6,9-15,17-18H2,2-3H3,(H,29,32)/t20-/m0/s1","CFKPVJYMYLGYBY-FQEVSTJZSA-N","C=CC(=O)N1CCN(c2nc(OC[C@@H]3CCCN3C)nc3c2CCN(c2c(C)ccc4[nH]ncc24)C3)CC1","Intermediate"
"P01116","GTPase KRas","IC50","CHEMBL4637314","InChI=1S/C29H38N8O2/c1-4-20-8-9-24-23(17-30-33-24)27(20)37-12-10-22-25(18-37)31-29(39-19-21-7-6-11-34(21)3)32-28(22)36-15-13-35(14-16-36)26(38)5-2/h5,8-9,17,21H,2,4,6-7,10-16,18-19H2,1,3H3,(H,30,33)/t21-/m0/s1","KGHFTMGZXBSSEC-NRFANRHFSA-N","C=CC(=O)N1CCN(c2nc(OC[C@@H]3CCCN3C)nc3c2CCN(c2c(CC)ccc4[nH]ncc24)C3)CC1","Intermediate"
"P01116","GTPase KRas","IC50","CHEMBL4639210","InChI=1S/C32H37N7O2/c1-3-30(40)38-18-19-39(24(20-38)13-15-33)31-27-14-17-37(29-12-6-9-23-8-4-5-11-26(23)29)21-28(27)34-32(35-31)41-22-25-10-7-16-36(25)2/h3-6,8-9,11-12,24-25H,1,7,10,13-14,16-22H2,2H3/t24?,25-/m0/s1","RLJSMIWBAARLNS-BBMPLOMVSA-N","C=CC(=O)N1CCN(c2nc(OC[C@@H]3CCCN3C)nc3c2CCN(c2cccc4ccccc24)C3)C(CC#N)C1","Intermediate"
"P01116","GTPase KRas","IC50","CHEMBL4638484","InChI=1S/C32H40N6O3/c1-3-30(40)37-17-18-38(24(20-37)14-19-39)31-27-13-16-36(29-12-6-9-23-8-4-5-11-26(23)29)21-28(27)33-32(34-31)41-22-25-10-7-15-35(25)2/h3-6,8-9,11-12,24-25,39H,1,7,10,13-22H2,2H3/t24?,25-/m0/s1","GXEQZYSWNIDOCX-BBMPLOMVSA-N","C=CC(=O)N1CCN(c2nc(OC[C@@H]3CCCN3C)nc3c2CCN(c2cccc4ccccc24)C3)C(CCO)C1","Intermediate"
"P01116","GTPase KRas","IC50","CHEMBL4649174","InChI=1S/C31H38N6O3/c1-3-29(39)36-16-17-37(24(18-36)20-38)30-26-13-15-35(28-12-6-9-22-8-4-5-11-25(22)28)19-27(26)32-31(33-30)40-21-23-10-7-14-34(23)2/h3-6,8-9,11-12,23-24,38H,1,7,10,13-21H2,2H3/t23-,24?/m0/s1","FYSGZYZCXVSHCS-UXMRNZNESA-N","C=CC(=O)N1CCN(c2nc(OC[C@@H]3CCCN3C)nc3c2CCN(c2cccc4ccccc24)C3)C(CO)C1","Intermediate"
"P01116","GTPase KRas","IC50","CHEMBL4647242","InChI=1S/C30H36N6O2/c1-3-28(37)34-16-18-35(19-17-34)29-25-13-15-36(27-12-6-9-22-8-4-5-11-24(22)27)20-26(25)31-30(32-29)38-21-23-10-7-14-33(23)2/h3-6,8-9,11-12,23H,1,7,10,13-21H2,2H3/t23-/m0/s1","XMYPBYHRAIBTEZ-QHCPKHFHSA-N","C=CC(=O)N1CCN(c2nc(OC[C@@H]3CCCN3C)nc3c2CCN(c2cccc4ccccc24)C3)CC1","Intermediate"
"P01116","GTPase KRas","IC50","CHEMBL4643600","InChI=1S/C31H38N6O3/c1-3-29(39)37-17-16-36(18-24(37)20-38)30-26-13-15-35(28-12-6-9-22-8-4-5-11-25(22)28)19-27(26)32-31(33-30)40-21-23-10-7-14-34(23)2/h3-6,8-9,11-12,23-24,38H,1,7,10,13-21H2,2H3/t23-,24?/m0/s1","DOBSCEYVFQNYML-UXMRNZNESA-N","C=CC(=O)N1CCN(c2nc(OC[C@@H]3CCCN3C)nc3c2CCN(c2cccc4ccccc24)C3)CC1CO","Intermediate"
"P01116","GTPase KRas","IC50","CHEMBL4649703","InChI=1S/C32H37N7O2/c1-3-30(40)39-19-18-38(20-24(39)13-15-33)31-27-14-17-37(29-12-6-9-23-8-4-5-11-26(23)29)21-28(27)34-32(35-31)41-22-25-10-7-16-36(25)2/h3-6,8-9,11-12,24-25H,1,7,10,13-14,16-22H2,2H3/t24-,25+/m1/s1","OBKBMFMBHWUYHS-RPBOFIJWSA-N","C=CC(=O)N1CCN(c2nc(OC[C@@H]3CCCN3C)nc3c2CCN(c2cccc4ccccc24)C3)C[C@H]1CC#N","Intermediate"
"P01116","GTPase KRas","IC50","CHEMBL4441401","InChI=1S/C24H28N6O/c1-4-22(31)29-9-10-30(16(3)13-29)24-18-7-6-17(11-21(18)25-14-26-24)23-15(2)5-8-20-19(23)12-27-28-20/h4-5,8,12,14,16-17H,1,6-7,9-11,13H2,2-3H3,(H,27,28)/t16-,17?/m0/s1","MBPPZCHPUVJHGP-BHWOMJMDSA-N","C=CC(=O)N1CCN(c2ncnc3c2CCC(c2c(C)ccc4[nH]ncc24)C3)[C@@H](C)C1","Intermediate"
"P01116","GTPase KRas","IC50","CHEMBL4457300","InChI=1S/C24H25N5O2/c1-2-23(31)27-9-11-28(12-10-27)24-20-7-8-29(15-21(20)25-16-26-24)22-14-18(30)13-17-5-3-4-6-19(17)22/h2-6,13-14,16,30H,1,7-12,15H2","SNBGSXWIUUIPDD-UHFFFAOYSA-N","C=CC(=O)N1CCN(c2ncnc3c2CCN(c2cc(O)cc4ccccc24)C3)CC1","Intermediate"
"P01116","GTPase KRas","IC50","CHEMBL4476789","InChI=1S/C28H24ClFN4O2/c1-3-25(36)33-11-13-34(14-12-33)28-20-16-22(29)21(26-23(30)9-6-10-24(26)35)15-19(20)27(31-32-28)18-8-5-4-7-17(18)2/h3-10,15-16,35H,1,11-14H2,2H3","FUNOSYPGHLIPJK-UHFFFAOYSA-N","C=CC(=O)N1CCN(c2nnc(-c3ccccc3C)c3cc(-c4c(O)cccc4F)c(Cl)cc23)CC1","Intermediate"
"P01116","GTPase KRas","IC50","CHEMBL4553629","InChI=1S/C30H26ClFN4O2/c1-2-27(38)35-12-14-36(15-13-35)30-22-17-24(31)23(28-25(32)8-5-9-26(28)37)16-21(22)29(33-34-30)20-7-4-3-6-19(20)18-10-11-18/h2-9,16-18,37H,1,10-15H2","ORTQIMYECIPGED-UHFFFAOYSA-N","C=CC(=O)N1CCN(c2nnc(-c3ccccc3C3CC3)c3cc(-c4c(O)cccc4F)c(Cl)cc23)CC1","Intermediate"
"P01116","GTPase KRas","IC50","CHEMBL4514914","InChI=1S/C27H21Cl2FN4O2/c1-2-24(36)33-10-12-34(13-11-33)27-18-15-21(29)19(25-22(30)8-5-9-23(25)35)14-17(18)26(31-32-27)16-6-3-4-7-20(16)28/h2-9,14-15,35H,1,10-13H2","UAZUYPJAHGAJEQ-UHFFFAOYSA-N","C=CC(=O)N1CCN(c2nnc(-c3ccccc3Cl)c3cc(-c4c(O)cccc4F)c(Cl)cc23)CC1","Intermediate"
"P01116","GTPase KRas","IC50","CHEMBL4466063","InChI=1S/C28H24ClFN4O3/c1-3-25(36)33-11-13-34(14-12-33)28-19-16-21(29)20(26-22(30)8-6-9-23(26)35)15-18(19)27(31-32-28)17-7-4-5-10-24(17)37-2/h3-10,15-16,35H,1,11-14H2,2H3","XBAGEJJGCQFWRR-UHFFFAOYSA-N","C=CC(=O)N1CCN(c2nnc(-c3ccccc3OC)c3cc(-c4c(O)cccc4F)c(Cl)cc23)CC1","Intermediate"
"P01116","GTPase KRas","IC50","CHEMBL4456612","InChI=1S/C26H24ClN5O2/c1-3-24(33)31-7-8-32-16(14-31)6-9-34-23-13-28-22-11-17(20(27)10-18(22)26(23)32)25-15(2)4-5-21-19(25)12-29-30-21/h3-5,10-13,16H,1,6-9,14H2,2H3,(H,29,30)/t16-/m1/s1","SAJURXLPLIIFPC-MRXNPFEDSA-N","C=CC(=O)N1CCN2c3c(cnc4cc(-c5c(C)ccc6[nH]ncc56)c(Cl)cc34)OCC[C@@H]2C1","Intermediate"
"P01116","GTPase KRas","IC50","CHEMBL4461958","InChI=1S/C24H21ClFN3O3/c1-3-22(31)28-11-14-12-32-21-9-27-19-8-15(23-18(26)5-4-6-20(23)30)17(25)7-16(19)24(21)29(14)10-13(28)2/h3-9,13-14,30H,1,10-12H2,2H3/t13-,14+/m0/s1","YZSYFOAFNHPZBJ-UONOGXRCSA-N","C=CC(=O)N1C[C@@H]2COc3cnc4cc(-c5c(O)cccc5F)c(Cl)cc4c3N2C[C@@H]1C","Intermediate"
"P01116","GTPase KRas","IC50","CHEMBL4075783","InChI=1S/C105H176N44O25S2/c1-52(2)45-68-89(166)140-69(46-56-27-31-58(152)32-28-56)88(165)131-54(5)80(157)144-72(49-150)91(168)141-70(47-57-29-33-59(153)34-30-57)90(167)143-71(48-77(154)155)96(173)148-43-16-26-76(148)94(171)147-78(53(3)4)95(172)145-73(92(169)139-66(23-13-41-129-104(119)120)86(163)137-64(21-11-39-127-102(115)116)84(161)135-62(19-9-37-125-100(111)112)82(159)133-60(79(106)156)17-7-35-123-98(107)108)50-175-176-51-74(97(174)149-44-15-25-75(149)93(170)142-68)146-87(164)67(24-14-42-130-105(121)122)138-85(162)65(22-12-40-128-103(117)118)136-83(160)63(20-10-38-126-101(113)114)134-81(158)61(132-55(6)151)18-8-36-124-99(109)110/h27-34,52-54,60-76,78,150,152-153H,7-26,35-51H2,1-6H3,(H2,106,156)(H,131,165)(H,132,151)(H,133,159)(H,134,158)(H,135,161)(H,136,160)(H,137,163)(H,138,162)(H,139,169)(H,140,166)(H,141,168)(H,142,170)(H,143,167)(H,144,157)(H,145,172)(H,146,164)(H,147,171)(H,154,155)(H4,107,108,123)(H4,109,110,124)(H4,111,112,125)(H4,113,114,126)(H4,115,116,127)(H4,117,118,128)(H4,119,120,129)(H4,121,122,130)/t54-,60-,61-,62-,63-,64-,65-,66-,67-,68-,69-,70-,71-,72-,73-,74-,75-,76-,78-/m0/s1","OBCZAOGMEUMIQZ-OXENOOMASA-N","CC(=O)N[C@@H](CCCNC(=N)N)C(=O)N[C@@H](CCCNC(=N)N)C(=O)N[C@@H](CCCNC(=N)N)C(=O)N[C@@H](CCCNC(=N)N)C(=O)N[C@H]1CSSC[C@@H](C(=O)N[C@@H](CCCNC(=N)N)C(=O)N[C@@H](CCCNC(=N)N)C(=O)N[C@@H](CCCNC(=N)N)C(=O)N[C@@H](CCCNC(=N)N)C(N)=O)NC(=O)[C@H](C(C)C)NC(=O)[C@@H]2CCCN2C(=O)[C@H](CC(=O)O)NC(=O)[C@H](Cc2ccc(O)cc2)NC(=O)[C@H](CO)NC(=O)[C@H](C)NC(=O)[C@H](Cc2ccc(O)cc2)NC(=O)[C@H](CC(C)C)NC(=O)[C@@H]2CCCN2C1=O","Intermediate"
"P01116","GTPase KRas","IC50","CHEMBL2028663","InChI=1S/C23H20F3N5O2S2/c1-23(2,3)21-30-18(19(34-21)16-10-11-28-22(27)29-16)12-6-4-9-15(17(12)26)31-35(32,33)20-13(24)7-5-8-14(20)25/h4-11,31H,1-3H3,(H2,27,28,29)","BFSMGDJOXZAERB-UHFFFAOYSA-N","CC(C)(C)c1nc(-c2cccc(NS(=O)(=O)c3c(F)cccc3F)c2F)c(-c2ccnc(N)n2)s1","Intermediate"
"P01116","GTPase KRas","Ki","CHEMBL3968831","InChI=1S/C18H29ClN6O11P2/c1-18(2,5-21-10(26)3-19)6-35-38(32,33)8-37(30,31)34-4-9-12(27)13(28)16(36-9)25-7-22-11-14(25)23-17(20)24-15(11)29/h7,9,12-13,16,27-28H,3-6,8H2,1-2H3,(H,21,26)(H,30,31)(H,32,33)(H3,20,23,24,29)/t9-,12-,13-,16-/m1/s1","YBTIYHQAGDFNQC-RVXWVPLUSA-N","CC(C)(CNC(=O)CCl)COP(=O)(O)CP(=O)(O)OC[C@H]1O[C@@H](n2cnc3c(=O)[nH]c(N)nc32)[C@H](O)[C@@H]1O","Intermediate"
"P01116","GTPase KRas","IC50","CHEMBL3218643","InChI=1S/C67H98N16O13/c1-38(2)33-50-64(95)96-37-67(6,7)55(86)63(94)83-32-14-13-23-51(83)61(92)76-45(27-25-41-17-9-8-10-18-41)36-53(85)77-48(28-29-52(68)84)57(88)75-40(5)56(87)78-47(22-16-31-74-66(71)72)59(90)82-54(39(3)4)62(93)79-46(21-15-30-73-65(69)70)58(89)80-49(60(91)81-50)35-42-24-26-43-19-11-12-20-44(43)34-42/h8-12,17-20,24,26,34,38-40,45-51,54H,13-16,21-23,25,27-33,35-37H2,1-7H3,(H2,68,84)(H,75,88)(H,76,92)(H,77,85)(H,78,87)(H,79,93)(H,80,89)(H,81,91)(H,82,90)(H4,69,70,73)(H4,71,72,74)/t40-,45+,46-,47-,48-,49+,50-,51-,54+/m0/s1","OCDNBXLOIRPJBB-FRJDTMARSA-N","CC(C)C[C@@H]1NC(=O)[C@@H](Cc2ccc3ccccc3c2)NC(=O)[C@H](CCCNC(=N)N)NC(=O)[C@@H](C(C)C)NC(=O)[C@H](CCCNC(=N)N)NC(=O)[C@H](C)NC(=O)[C@H](CCC(N)=O)NC(=O)C[C@@H](CCc2ccccc2)NC(=O)[C@@H]2CCCCN2C(=O)C(=O)C(C)(C)COC1=O","Intermediate"
"P01116","GTPase KRas","IC50","CHEMBL3218640","InChI=1S/C66H89N11O15/c1-40(2)36-49-65(91)92-39-66(3,4)56(82)64(90)77-34-15-14-25-50(77)60(86)69-44(28-27-41-18-8-5-9-19-41)38-53(79)70-47(29-31-52(68)78)63(89)76-35-17-26-51(76)61(87)71-45(24-16-33-67)57(83)73-48(37-42-20-10-6-11-21-42)59(85)75-55(43-22-12-7-13-23-43)62(88)72-46(58(84)74-49)30-32-54(80)81/h5-13,18-23,40,44-51,55H,14-17,24-39,67H2,1-4H3,(H2,68,78)(H,69,86)(H,70,79)(H,71,87)(H,72,88)(H,73,83)(H,74,84)(H,75,85)(H,80,81)/t44-,45+,46+,47+,48-,49+,50+,51+,55+/m1/s1","PPIIJUADRVZWIH-CPZVBFNDSA-N","CC(C)C[C@@H]1NC(=O)[C@H](CCC(=O)O)NC(=O)[C@H](c2ccccc2)NC(=O)[C@@H](Cc2ccccc2)NC(=O)[C@H](CCCN)NC(=O)[C@@H]2CCCN2C(=O)[C@H](CCC(N)=O)NC(=O)C[C@@H](CCc2ccccc2)NC(=O)[C@@H]2CCCCN2C(=O)C(=O)C(C)(C)COC1=O","Intermediate"
"P01116","GTPase KRas","IC50","CHEMBL3218635","InChI=1S/C67H94FN17O15/c1-37(2)54-64(99)100-36-67(3,4)55(90)63(98)85-31-9-8-16-50(85)62(97)77-42(24-19-38-12-6-5-7-13-38)34-53(89)78-46(27-28-51(69)87)58(93)81-48(33-40-20-25-43(86)26-21-40)60(95)82-47(32-39-17-22-41(68)23-18-39)59(94)80-44(14-10-29-75-65(71)72)56(91)79-45(15-11-30-76-66(73)74)57(92)83-49(35-52(70)88)61(96)84-54/h5-7,12-13,17-18,20-23,25-26,37,42,44-50,54,86H,8-11,14-16,19,24,27-36H2,1-4H3,(H2,69,87)(H2,70,88)(H,77,97)(H,78,89)(H,79,91)(H,80,94)(H,81,93)(H,82,95)(H,83,92)(H,84,96)(H4,71,72,75)(H4,73,74,76)/t42-,44+,45+,46+,47+,48+,49-,50+,54+/m1/s1","MOGVORJDAHDGBV-GTTJADIHSA-N","CC(C)[C@@H]1NC(=O)[C@@H](CC(N)=O)NC(=O)[C@H](CCCNC(=N)N)NC(=O)[C@H](CCCNC(=N)N)NC(=O)[C@H](Cc2ccc(F)cc2)NC(=O)[C@H](Cc2ccc(O)cc2)NC(=O)[C@H](CCC(N)=O)NC(=O)C[C@@H](CCc2ccccc2)NC(=O)[C@@H]2CCCCN2C(=O)C(=O)C(C)(C)COC1=O","Intermediate"
"P01116","GTPase KRas","IC50","CHEMBL3218637","InChI=1S/C72H92N14O14/c1-72(2)43-100-70(99)57(39-45-17-7-4-8-18-45)85-64(93)52(22-14-35-77-71(75)76)81-61(90)42-78-63(92)55(38-46-26-30-51(87)31-27-46)83-67(96)56(40-47-24-28-48-19-9-10-20-49(48)37-47)84-65(94)53(21-13-34-73)82-66(95)54(32-33-59(74)88)80-60(89)41-50(29-25-44-15-5-3-6-16-44)79-68(97)58-23-11-12-36-86(58)69(98)62(72)91/h3-10,15-20,24,26-28,30-31,37,50,52-58,87H,11-14,21-23,25,29,32-36,38-43,73H2,1-2H3,(H2,74,88)(H,78,92)(H,79,97)(H,80,89)(H,81,90)(H,82,95)(H,83,96)(H,84,94)(H,85,93)(H4,75,76,77)/t50-,52+,53+,54+,55+,56-,57+,58+/m1/s1","KGLOEUYWNJLLKF-XZOOPJDLSA-N","CC1(C)COC(=O)[C@H](Cc2ccccc2)NC(=O)[C@H](CCCNC(=N)N)NC(=O)CNC(=O)[C@H](Cc2ccc(O)cc2)NC(=O)[C@@H](Cc2ccc3ccccc3c2)NC(=O)[C@H](CCCN)NC(=O)[C@H](CCC(N)=O)NC(=O)C[C@@H](CCc2ccccc2)NC(=O)[C@@H]2CCCCN2C(=O)C1=O","Intermediate"
"P01116","GTPase KRas","IC50","CHEMBL3218642","InChI=1S/C77H103N19O13/c1-77(2)46-109-73(108)60(43-49-23-10-5-11-24-49)95-67(102)56(29-18-39-87-76(83)84)92-70(105)59(44-50-31-33-51-25-12-13-26-52(51)41-50)94-66(101)55(28-17-38-86-75(81)82)91-69(104)58(42-48-21-8-4-9-22-48)93-65(100)54(27-16-37-85-74(79)80)90-68(103)57(35-36-62(78)97)89-63(98)45-53(34-32-47-19-6-3-7-20-47)88-71(106)61-30-14-15-40-96(61)72(107)64(77)99/h3-13,19-26,31,33,41,53-61H,14-18,27-30,32,34-40,42-46H2,1-2H3,(H2,78,97)(H,88,106)(H,89,98)(H,90,103)(H,91,104)(H,92,105)(H,93,100)(H,94,101)(H,95,102)(H4,79,80,85)(H4,81,82,86)(H4,83,84,87)/t53-,54+,55+,56+,57+,58-,59-,60+,61+/m1/s1","VMYSDDDWNTUNLA-ZUPOFGHESA-N","CC1(C)COC(=O)[C@H](Cc2ccccc2)NC(=O)[C@H](CCCNC(=N)N)NC(=O)[C@@H](Cc2ccc3ccccc3c2)NC(=O)[C@H](CCCNC(=N)N)NC(=O)[C@@H](Cc2ccccc2)NC(=O)[C@H](CCCN=C(N)N)NC(=O)[C@H](CCC(N)=O)NC(=O)C[C@@H](CCc2ccccc2)NC(=O)[C@@H]2CCCCN2C(=O)C1=O","Intermediate"
"P01116","GTPase KRas","IC50","CHEMBL3218639","InChI=1S/C75H93N13O15/c1-75(2)45-103-73(102)59(43-48-20-10-5-11-21-48)86-65(94)54(22-14-37-79-74(77)78)82-67(96)57(41-49-26-31-52(89)32-27-49)84-70(99)61-24-15-39-87(61)71(100)58(42-50-28-33-53(90)34-29-50)85-68(97)56(40-47-18-8-4-9-19-47)83-66(95)55(35-36-62(76)91)81-63(92)44-51(30-25-46-16-6-3-7-17-46)80-69(98)60-23-12-13-38-88(60)72(101)64(75)93/h3-11,16-21,26-29,31-34,51,54-61,89-90H,12-15,22-25,30,35-45H2,1-2H3,(H2,76,91)(H,80,98)(H,81,92)(H,82,96)(H,83,95)(H,84,99)(H,85,97)(H,86,94)(H4,77,78,79)/t51-,54+,55+,56-,57+,58+,59+,60+,61+/m1/s1","NEDGSOBGOBZWSZ-AVVBXYNESA-N","CC1(C)COC(=O)[C@H](Cc2ccccc2)NC(=O)[C@H](CCCNC(=N)N)NC(=O)[C@H](Cc2ccc(O)cc2)NC(=O)[C@@H]2CCCN2C(=O)[C@H](Cc2ccc(O)cc2)NC(=O)[C@@H](Cc2ccccc2)NC(=O)[C@H](CCC(N)=O)NC(=O)C[C@@H](CCc2ccccc2)NC(=O)[C@@H]2CCCCN2C(=O)C1=O","Intermediate"
"P01116","GTPase KRas","IC50","CHEMBL3218636","InChI=1S/C81H103FN14O13/c1-4-5-24-63-79(108)109-49-81(2,3)70(99)78(107)96-42-16-14-27-67(96)77(106)88-59(37-32-50-18-7-6-8-19-50)48-69(98)89-62(38-39-68(84)97)73(102)93-64(45-51-30-35-58(82)36-31-51)74(103)91-61(26-17-41-87-80(85)86)71(100)90-60(25-13-15-40-83)72(101)94-66(47-53-29-34-55-21-10-12-23-57(55)44-53)76(105)95-65(75(104)92-63)46-52-28-33-54-20-9-11-22-56(54)43-52/h6-12,18-23,28-31,33-36,43-44,59-67H,4-5,13-17,24-27,32,37-42,45-49,83H2,1-3H3,(H2,84,97)(H,88,106)(H,89,98)(H,90,100)(H,91,103)(H,92,104)(H,93,102)(H,94,101)(H,95,105)(H4,85,86,87)/t59-,60-,61+,62+,63-,64+,65-,66-,67+/m1/s1","QTFPYQNOTAGOGQ-WBHKFRPCSA-N","CCCC[C@H]1NC(=O)[C@@H](Cc2ccc3ccccc3c2)NC(=O)[C@@H](Cc2ccc3ccccc3c2)NC(=O)[C@@H](CCCCN)NC(=O)[C@H](CCCNC(=N)N)NC(=O)[C@H](Cc2ccc(F)cc2)NC(=O)[C@H](CCC(N)=O)NC(=O)C[C@@H](CCc2ccccc2)NC(=O)[C@@H]2CCCCN2C(=O)C(=O)C(C)(C)COC1=O","Intermediate"
"P01116","GTPase KRas","IC50","CHEMBL4084139","InChI=1S/C105H176N44O25S2/c1-7-53(4)78-95(172)143-71(49-150)90(167)141-68(46-56-28-32-58(152)33-29-56)88(165)142-70(48-76(154)155)96(173)148-44-17-27-75(148)93(170)146-77(52(2)3)94(171)144-72(91(168)139-66(24-14-42-129-104(119)120)86(163)137-64(22-12-40-127-102(115)116)84(161)135-62(20-10-38-125-100(111)112)82(159)133-60(79(106)156)18-8-36-123-98(107)108)50-175-176-51-73(97(174)149-45-16-26-74(149)92(169)131-54(5)80(157)140-69(89(166)147-78)47-57-30-34-59(153)35-31-57)145-87(164)67(25-15-43-130-105(121)122)138-85(162)65(23-13-41-128-103(117)118)136-83(160)63(21-11-39-126-101(113)114)134-81(158)61(132-55(6)151)19-9-37-124-99(109)110/h28-35,52-54,60-75,77-78,150,152-153H,7-27,36-51H2,1-6H3,(H2,106,156)(H,131,169)(H,132,151)(H,133,159)(H,134,158)(H,135,161)(H,136,160)(H,137,163)(H,138,162)(H,139,168)(H,140,157)(H,141,167)(H,142,165)(H,143,172)(H,144,171)(H,145,164)(H,146,170)(H,147,166)(H,154,155)(H4,107,108,123)(H4,109,110,124)(H4,111,112,125)(H4,113,114,126)(H4,115,116,127)(H4,117,118,128)(H4,119,120,129)(H4,121,122,130)/t53-,54-,60-,61-,62-,63-,64-,65-,66-,67-,68-,69-,70-,71-,72-,73-,74-,75-,77-,78-/m0/s1","PQEWSIAVSMDXLM-KJIAAENESA-N","CC[C@H](C)[C@@H]1NC(=O)[C@H](Cc2ccc(O)cc2)NC(=O)[C@H](C)NC(=O)[C@@H]2CCCN2C(=O)[C@@H](NC(=O)[C@H](CCCNC(=N)N)NC(=O)[C@H](CCCNC(=N)N)NC(=O)[C@H](CCCNC(=N)N)NC(=O)[C@H](CCCNC(=N)N)NC(C)=O)CSSC[C@@H](C(=O)N[C@@H](CCCNC(=N)N)C(=O)N[C@@H](CCCNC(=N)N)C(=O)N[C@@H](CCCNC(=N)N)C(=O)N[C@@H](CCCNC(=N)N)C(N)=O)NC(=O)[C@H](C(C)C)NC(=O)[C@@H]2CCCN2C(=O)[C@H](CC(=O)O)NC(=O)[C@H](Cc2ccc(O)cc2)NC(=O)[C@H](CO)NC1=O","Intermediate"
"P01116","GTPase KRas","IC50","CHEMBL4060952","InChI=1S/C116H190N44O25S2/c1-8-62(6)89-106(183)154-82(55-161)101(178)151-79(52-64-33-37-68(163)38-34-64)99(176)153-81(54-87(165)166)107(184)159-49-20-32-86(159)104(181)157-88(61(4)5)105(182)155-83(102(179)149-76(29-17-47-140-115(130)131)96(173)147-74(27-15-45-138-113(126)127)94(171)145-72(25-13-43-136-111(122)123)92(169)143-70(90(117)167)23-11-41-134-109(118)119)58-186-56-66-21-9-10-22-67(66)57-187-59-84(108(185)160-50-19-31-85(160)103(180)152-78(51-60(2)3)98(175)150-80(100(177)158-89)53-65-35-39-69(164)40-36-65)156-97(174)77(30-18-48-141-116(132)133)148-95(172)75(28-16-46-139-114(128)129)146-93(170)73(26-14-44-137-112(124)125)144-91(168)71(142-63(7)162)24-12-42-135-110(120)121/h9-10,21-22,33-40,60-62,70-86,88-89,161,163-164H,8,11-20,23-32,41-59H2,1-7H3,(H2,117,167)(H,142,162)(H,143,169)(H,144,168)(H,145,171)(H,146,170)(H,147,173)(H,148,172)(H,149,179)(H,150,175)(H,151,178)(H,152,180)(H,153,176)(H,154,183)(H,155,182)(H,156,174)(H,157,181)(H,158,177)(H,165,166)(H4,118,119,134)(H4,120,121,135)(H4,122,123,136)(H4,124,125,137)(H4,126,127,138)(H4,128,129,139)(H4,130,131,140)(H4,132,133,141)/t62-,70-,71-,72-,73-,74-,75-,76-,77-,78-,79-,80-,81-,82-,83-,84-,85-,86-,88-,89-/m0/s1","NUVGHJLAIHWGGS-YWWMHXMPSA-N","CC[C@H](C)[C@@H]1NC(=O)[C@H](Cc2ccc(O)cc2)NC(=O)[C@H](CC(C)C)NC(=O)[C@@H]2CCCN2C(=O)[C@@H](NC(=O)[C@H](CCCNC(=N)N)NC(=O)[C@H](CCCNC(=N)N)NC(=O)[C@H](CCCNC(=N)N)NC(=O)[C@H](CCCNC(=N)N)NC(C)=O)CSCc2ccccc2CSC[C@@H](C(=O)N[C@@H](CCCNC(=N)N)C(=O)N[C@@H](CCCNC(=N)N)C(=O)N[C@@H](CCCNC(=N)N)C(=O)N[C@@H](CCCNC(=N)N)C(N)=O)NC(=O)[C@H](C(C)C)NC(=O)[C@@H]2CCCN2C(=O)[C@H](CC(=O)O)NC(=O)[C@H](Cc2ccc(O)cc2)NC(=O)[C@H](CO)NC1=O","Intermediate"
"P01116","GTPase KRas","IC50","CHEMBL4643559","InChI=1S/C18H16F2O4/c1-22-15-9-11(10-16(23-2)18(15)24-3)7-8-14(21)17-12(19)5-4-6-13(17)20/h4-10H,1-3H3/b8-7+","LGVZQFTZVRFJMS-BQYQJAHWSA-N","COc1cc(/C=C/C(=O)c2c(F)cccc2F)cc(OC)c1OC","Intermediate"
"P01116","GTPase KRas","IC50","CHEMBL62070","InChI=1S/C20H23NO4/c1-21(2)16-9-7-15(8-10-16)17(22)11-6-14-12-18(23-3)20(25-5)19(13-14)24-4/h6-13H,1-5H3/b11-6+","VIFRKOWCKUMHOG-IZZDOVSWSA-N","COc1cc(/C=C/C(=O)c2ccc(N(C)C)cc2)cc(OC)c1OC","Intermediate"
"P01116","GTPase KRas","IC50","CHEMBL471655","InChI=1S/C18H19NO4/c1-21-16-10-12(11-17(22-2)18(16)23-3)4-9-15(20)13-5-7-14(19)8-6-13/h4-11H,19H2,1-3H3/b9-4+","HORVIDXMQQVQAS-RUDMXATFSA-N","COc1cc(/C=C/C(=O)c2ccc(N)cc2)cc(OC)c1OC","Intermediate"
"P01116","GTPase KRas","IC50","CHEMBL598038","InChI=1S/C18H17NO6/c1-23-16-10-12(11-17(24-2)18(16)25-3)4-9-15(20)13-5-7-14(8-6-13)19(21)22/h4-11H,1-3H3/b9-4+","BYKMGEQBYKFXLS-RUDMXATFSA-N","COc1cc(/C=C/C(=O)c2ccc([N+](=O)[O-])cc2)cc(OC)c1OC","Intermediate"
"P01116","GTPase KRas","IC50","CHEMBL4646677","InChI=1S/C18H16F2O4/c1-22-16-9-11(10-17(23-2)18(16)24-3)15(21)8-7-12-13(19)5-4-6-14(12)20/h4-10H,1-3H3/b8-7+","CTWCGYDTHCEYSA-BQYQJAHWSA-N","COc1cc(C(=O)/C=C/c2c(F)cccc2F)cc(OC)c1OC","Intermediate"
"P01116","GTPase KRas","IC50","CHEMBL59351","InChI=1S/C18H17NO6/c1-23-16-10-13(11-17(24-2)18(16)25-3)15(20)9-6-12-4-7-14(8-5-12)19(21)22/h4-11H,1-3H3/b9-6+","PGLMCDFGQNAYCR-RMKNXTFCSA-N","COc1cc(C(=O)/C=C/c2ccc([N+](=O)[O-])cc2)cc(OC)c1OC","Intermediate"
"P01116","GTPase KRas","IC50","CHEMBL187437","InChI=1S/C19H20O5/c1-21-15-8-6-14(7-9-15)16(20)10-5-13-11-17(22-2)19(24-4)18(12-13)23-3/h5-12H,1-4H3/b10-5+","XJYIPYGBDWACTE-BJMVGYQFSA-N","COc1ccc(C(=O)/C=C/c2cc(OC)c(OC)c(OC)c2)cc1","Intermediate"
"P01116","GTPase KRas","IC50","CHEMBL3218644","InChI=1S/C61H83N13O15/c1-35-52(81)72-45(31-38-16-9-6-10-17-38)59(88)89-34-61(3,4)51(80)58(87)74-29-12-11-19-46(74)56(85)68-40(23-20-37-14-7-5-8-15-37)32-48(78)69-43(26-27-47(62)77)53(82)66-33-49(79)73-50(36(2)75)57(86)70-42(18-13-28-65-60(63)64)54(83)71-44(55(84)67-35)30-39-21-24-41(76)25-22-39/h5-10,14-17,21-22,24-25,35-36,40,42-46,50,75-76H,11-13,18-20,23,26-34H2,1-4H3,(H2,62,77)(H,66,82)(H,67,84)(H,68,85)(H,69,78)(H,70,86)(H,71,83)(H,72,81)(H,73,79)(H4,63,64,65)/t35-,36-,40+,42-,43-,44-,45-,46-,50+/m0/s1","HCYDFWBZDUYDDO-SXLJOGTRSA-N","C[C@@H]1NC(=O)[C@H](Cc2ccc(O)cc2)NC(=O)[C@H](CCCNC(=N)N)NC(=O)[C@@H]([C@H](C)O)NC(=O)CNC(=O)[C@H](CCC(N)=O)NC(=O)C[C@@H](CCc2ccccc2)NC(=O)[C@@H]2CCCCN2C(=O)C(=O)C(C)(C)COC(=O)[C@H](Cc2ccccc2)NC1=O","Intermediate"
"P01116","GTPase KRas","EC50","CHEMBL159171","InChI=1S/C31H35N5O2/c32-16-26-9-7-24-14-30(26)38-29-11-10-25(8-6-23-4-2-1-3-5-23)27(15-29)19-35-13-12-34(21-31(35)37)20-28-17-33-22-36(28)18-24/h7,9-11,14-15,17,22-23H,1-6,8,12-13,18-21H2","YIZSZHVXFHAUCR-UHFFFAOYSA-N","N#Cc1ccc2cc1Oc1ccc(CCC3CCCCC3)c(c1)CN1CCN(CC1=O)Cc1cncn1C2","Intermediate"
"P01116","GTPase KRas","Ki","CHEMBL3940601","InChI=1S/C16H22ClN6O10P/c17-3-8(24)19-1-2-32-34(29,30)5-9(25)31-4-7-11(26)12(27)15(33-7)23-6-20-10-13(23)21-16(18)22-14(10)28/h6-7,11-12,15,26-27H,1-5H2,(H,19,24)(H,29,30)(H3,18,21,22,28)/t7-,11-,12-,15-/m1/s1","HIPAEAPENGHRMN-UHEGPQQHSA-N","Nc1nc2c(ncn2[C@@H]2O[C@H](COC(=O)CP(=O)(O)OCCNC(=O)CCl)[C@@H](O)[C@H]2O)c(=O)[nH]1","Intermediate"
"P01116","GTPase KRas","Ki","CHEMBL3941415","InChI=1S/C15H22ClFN6O11P2/c16-3-7(24)19-1-2-32-35(28,29)14(17)36(30,31)33-4-6-9(25)10(26)13(34-6)23-5-20-8-11(23)21-15(18)22-12(8)27/h5-6,9-10,13-14,25-26H,1-4H2,(H,19,24)(H,28,29)(H,30,31)(H3,18,21,22,27)/t6-,9-,10-,13-,14?/m1/s1","GLBJMYLSMRVUEQ-BBWYTPCNSA-N","Nc1nc2c(ncn2[C@@H]2O[C@H](COP(=O)(O)C(F)P(=O)(O)OCCNC(=O)CCl)[C@@H](O)[C@H]2O)c(=O)[nH]1","Intermediate"
"P01116","GTPase KRas","Ki","CHEMBL3974440","InChI=1S/C18H27ClN6O11P2/c19-4-11(26)24-3-1-2-9(5-24)36-38(32,33)8-37(30,31)34-6-10-13(27)14(28)17(35-10)25-7-21-12-15(25)22-18(20)23-16(12)29/h7,9-10,13-14,17,27-28H,1-6,8H2,(H,30,31)(H,32,33)(H3,20,22,23,29)/t9?,10-,13-,14-,17-/m1/s1","VDUYXDGBJNJLGB-LQLSJNDNSA-N","Nc1nc2c(ncn2[C@@H]2O[C@H](COP(=O)(O)CP(=O)(O)OC3CCCN(C(=O)CCl)C3)[C@@H](O)[C@H]2O)c(=O)[nH]1","Intermediate"
"P01116","GTPase KRas","Ki","CHEMBL3961855","InChI=1S/C15H23ClN6O11P2/c16-3-8(23)18-1-2-31-34(27,28)6-35(29,30)32-4-7-10(24)11(25)14(33-7)22-5-19-9-12(22)20-15(17)21-13(9)26/h5,7,10-11,14,24-25H,1-4,6H2,(H,18,23)(H,27,28)(H,29,30)(H3,17,20,21,26)/t7-,10-,11-,14-/m1/s1","IQLLUKGPJWOOLE-FRJWGUMJSA-N","Nc1nc2c(ncn2[C@@H]2O[C@H](COP(=O)(O)CP(=O)(O)OCCNC(=O)CCl)[C@@H](O)[C@H]2O)c(=O)[nH]1","Intermediate"
"P01116","GTPase KRas","Ki","CHEMBL3982443","InChI=1S/C15H23ClN7O10PS/c16-3-8(24)18-1-2-20-35(30,31)6-34(28,29)32-4-7-10(25)11(26)14(33-7)23-5-19-9-12(23)21-15(17)22-13(9)27/h5,7,10-11,14,20,25-26H,1-4,6H2,(H,18,24)(H,28,29)(H3,17,21,22,27)/t7-,10-,11-,14-/m1/s1","AYYURYDKBCGXDD-FRJWGUMJSA-N","Nc1nc2c(ncn2[C@@H]2O[C@H](COP(=O)(O)CS(=O)(=O)NCCNC(=O)CCl)[C@@H](O)[C@H]2O)c(=O)[nH]1","Intermediate"
"P01116","GTPase KRas","Ki","CHEMBL3953729","InChI=1S/C15H20ClN7O10S/c16-3-7(24)18-1-2-31-15(28)22-34(29,30)32-4-6-9(25)10(26)13(33-6)23-5-19-8-11(23)20-14(17)21-12(8)27/h5-6,9-10,13,25-26H,1-4H2,(H,18,24)(H,22,28)(H3,17,20,21,27)/t6-,9-,10-,13-/m1/s1","SFIPQGDHEHHEJW-ZRFIDHNTSA-N","Nc1nc2c(ncn2[C@@H]2O[C@H](COS(=O)(=O)NC(=O)OCCNC(=O)CCl)[C@@H](O)[C@H]2O)c(=O)[nH]1","Intermediate"
